SiteID,SiteId_DC,FieldDate,FieldTime,co2ppm,ch4ppm,wt.x,ph,ch4c_µgl,hco3_moll,dic_mgl,pco2_µatm,co2c_mgl,Timestamp,Date,date,month_day,wt.y,wt_filled,,SampleID
57,DC4,2019-12-12,NA,2929.152547,18.66226886,NA,4.11,39.56523242,2.51714509133177e-08,6.151396797,NA,NA,2019-12-12,2019-12-12,2019-12-12,12-Dec,NA,2,,DC4 2019-12-12
57,DC4,2019-11-20,1899-12-31 09:40:00,2045.251467,7.380203697,NA,4.07,15.64651527,1.75757138223681e-08,4.295151284,NA,NA,2019-11-20 09:40,2019-11-20,2019-11-20,20-Nov,NA,2,,DC4 2019-11-20
57,DC4,2022-05-16,1899-12-31 15:32:00,1604,4.03,NA,4.28,8.543863979,1.37838527073649e-08,3.368496623,NA,NA,2022-05-16 15:32,2022-05-16,2022-05-16,16-May,8.536229167,8.536229167,,DC4 2022-05-16
57,DC4,2021-05-25,1899-12-31 13:20:00,1815.489374,NA,NA,4.1,NA,1.56012706482238e-08,3.812637048,NA,NA,2021-05-25 13:20,2021-05-25,2021-05-25,25-May,8.449447917,8.449447917,,DC4 2021-05-25
57,DC4,2022-02-09,1899-12-31 12:54:00,7737,195.37,NA,4.29,414.1971974,6.64873244369589e-08,16.24816607,NA,NA,2022-02-09 12:54,2022-02-09,2022-02-09,09-Feb,NA,2,,DC4 2022-02-09
57,DC4,2020-11-03,1899-12-31 09:50:00,1345.213866,0.855122389,NA,3.93,1.812915478,1.15599936374598e-08,2.825030154,NA,NA,2020-11-03 09:50,2020-11-03,2020-11-03,03-Nov,NA,2,,DC4 2020-11-03
57,DC4,2021-07-07,1899-12-31 09:49:00,9288.703498,540.7743198,NA,3.97,1146.476981,7.98217711085606e-08,19.50683689,NA,NA,2021-07-07 09:49,2021-07-07,2021-07-07,07-Jul,17.42291667,17.42291667,,DC4 2021-07-07
57,DC4,2021-04-29,1899-12-31 13:28:00,1303.896062,NA,NA,4.17,NA,1.12049322071401e-08,2.738260275,NA,NA,2021-04-29 13:28,2021-04-29,2021-04-29,29-Apr,NA,2,,DC4 2021-04-29
57,DC4,2021-08-03,1899-12-31 09:55:00,2022.071609,32.18884482,NA,3.99,68.24245951,1.73765194689912e-08,4.246472187,NA,NA,2021-08-03 09:55,2021-08-03,2021-08-03,03-Aug,12.36458333,12.36458333,,DC4 2021-08-03
57,DC4,2022-05-06,1899-12-31 12:34:00,1873,1.62,NA,4.37,3.434506116,1.60954838658943e-08,3.933412827,NA,NA,2022-05-06 12:34,2022-05-06,2022-05-06,06-May,NA,2,,DC4 2022-05-06
57,DC4,2021-04-08,1899-12-31 11:14:00,1689.932161,NA,NA,4.1,NA,1.45223042344457e-08,3.548959338,NA,NA,2021-04-08 11:14,2021-04-08,2021-04-08,08-Apr,NA,2,,DC4 2021-04-08
57,DC4,2021-06-21,1899-12-31 12:45:00,1335.110794,1.895009528,NA,4.08,4.017544328,1.14731736512353e-08,2.803813094,NA,NA,2021-06-21 12:45,2021-06-21,2021-06-21,21-Jun,11.2196875,11.2196875,,DC4 2021-06-21
57,DC4,2021-11-24,1899-12-31 13:17:00,5154.403667,16.03511963,NA,4.18,33.99550396,4.42939781448227e-08,10.8245582,NA,NA,2021-11-24 13:17,2021-11-24,2021-11-24,24-Nov,NA,2,,DC4 2021-11-24
57,DC4,2021-07-19,1899-12-31 11:46:00,1754.874142,9.791578767,NA,3.99,20.75878837,1.50803782388903e-08,3.68534141,NA,NA,2021-07-19 11:46,2021-07-19,2021-07-19,19-Jul,13.2303125,13.2303125,,DC4 2021-07-19
57,DC4,2021-10-12,NA,1483.085209,5.31185382,NA,4.04,11.26147804,1.27447805955842e-08,3.114568278,NA,NA,2021-10-12,2021-10-12,2021-10-12,12-Oct,6.213916667,6.213916667,,DC4 2021-10-12
57,DC4,2020-08-10,NA,9211.399181,518.0298566,NA,3.84,1098.257229,7.91574623038268e-08,19.34449316,NA,NA,2020-08-10,2020-08-10,2020-08-10,10-Aug,14.09395833,14.09395833,,DC4 2020-08-10
57,DC4,2021-04-20,1899-12-31 14:22:00,1239.656725,NA,NA,4.23,NA,1.06528963275332e-08,2.603353799,NA,NA,2021-04-20 14:22,2021-04-20,2021-04-20,20-Apr,NA,2,,DC4 2021-04-20
57,DC4,2020-04-24,NA,1950.983613,1.016635885,NA,3.95,2.155334669,1.67656301443941e-08,4.097183112,NA,NA,2020-04-24,2020-04-24,2020-04-24,24-Apr,NA,2,,DC4 2020-04-24
57,DC4,2020-11-18,1899-12-31 10:50:00,1602.236174,0.856605348,NA,3.95,1.816059449,1.37686954058885e-08,3.364792483,NA,NA,2020-11-18 10:50,2020-11-18,2020-11-18,18-Nov,NA,2,,DC4 2020-11-18
57,DC4,2021-09-01,1899-12-31 13:35:00,2447.269289,52.31983064,NA,3.98,110.9214681,2.10304235789216e-08,5.139412928,NA,NA,2021-09-01 13:35,2021-09-01,2021-09-01,01-Sep,9.5078125,9.5078125,,DC4 2021-09-01
57,DC4,2023-09-14,NA,2293,55.94,NA,4.21,118.5964643,1.97047221059774e-08,4.815438128,NA,NA,2023-09-14,2023-09-14,2023-09-14,14-Sep,7.389052083,7.389052083,,DC4 2023-09-14
57,DC4,2022-06-21,1899-12-31 11:55:00,1511,7.39,NA,4.14,15.66728407,1.29846642399179e-08,3.173191021,NA,NA,2022-06-21 11:55,2022-06-21,2022-06-21,21-Jun,11.2196875,11.2196875,,DC4 2022-06-21
57,DC4,2022-05-23,1899-12-31 11:32:00,2337,15.18,NA,4.23,32.18259434,2.0082832778748e-08,4.907840778,NA,NA,2022-05-23 11:32,2022-05-23,2022-05-23,23-May,5.60828125,5.60828125,,DC4 2022-05-23
57,DC4,2023-08-30,NA,1782,4.39,NA,4.06,9.30708756,1.53134822472096e-08,3.742307346,NA,NA,2023-08-30,2023-08-30,2023-08-30,30-Aug,10.76010417,10.76010417,,DC4 2023-08-30
57,DC4,2024-09-10,1899-12-31 16:04:00,2106,22.35,NA,4.26,47.383464,1.80977517467023e-08,4.422726863,NA,NA,2024-09-10 16:04,2024-09-10,2024-09-10,10-Sep,8.234291667,8.234291667,,DC4 2024-09-10
57,DC4,2024-07-16,1899-12-31 12:39:00,4340,41.96,NA,4.12,88.95794852,3.72954618141918e-08,9.114261436,NA,NA,2024-07-16 12:39,2024-07-16,2024-07-16,16-Jul,14.88625,14.88625,,DC4 2024-07-16
57,DC4,2021-05-14,1899-12-31 11:45:00,1255.828056,1.056138882,NA,4.15,2.23908361,1.07918634368312e-08,2.637314568,NA,NA,2021-05-14 11:45,2021-05-14,2021-05-14,14-May,7.636947917,7.636947917,,DC4 2021-05-14
57,DC4,2021-05-04,1899-12-31 12:12:00,1486.394074,1.120682953,NA,4.16,2.375921269,1.27732150787686e-08,3.121517095,NA,NA,2021-05-04 12:12,2021-05-04,2021-05-04,04-May,NA,2,,DC4 2021-05-04
57,DC4,2020-08-24,NA,10223.72084,620.1857808,NA,3.94,1314.83448,8.78567719657608e-08,21.47042964,NA,NA,2020-08-24,2020-08-24,2020-08-24,24-Aug,9.710770833,9.710770833,,DC4 2020-08-24
57,DC4,2019-06-18,NA,7066.278162,54.78134322,NA,3.99,116.140036,6.07235270376719e-08,14.8396098,NA,NA,2019-06-18,2019-06-18,2019-06-18,18-Jun,11.61635417,11.61635417,,DC4 2019-06-18
57,DC4,2021-11-10,NA,1616.908058,10.41310493,NA,4.11,22.07646454,1.38947771267666e-08,3.395604322,NA,NA,2021-11-10,2021-11-10,2021-11-10,10-Nov,NA,2,,DC4 2021-11-10
57,DC4,2021-04-27,1899-12-31 16:10:00,1335.483629,1.056072126,NA,4.15,2.238942084,1.14763775749635e-08,2.804596068,NA,NA,2021-04-27 16:10,2021-04-27,2021-04-27,27-Apr,NA,2,,DC4 2021-04-27
57,DC4,2021-12-15,NA,9167.712391,95.11338009,NA,4.23,201.646596,7.87820431829283e-08,19.25274827,NA,NA,2021-12-15,2021-12-15,2021-12-15,15-Dec,NA,2,,DC4 2021-12-15
57,DC4,2021-09-13,1899-12-31 09:51:00,2232.015486,22.54499707,NA,4,47.79687056,1.91806562931439e-08,4.687366974,NA,NA,2021-09-13 09:51,2021-09-13,2021-09-13,13-Sep,8.6948125,8.6948125,,DC4 2021-09-13
57,DC4,2021-10-25,1899-12-31 14:55:00,1388.804186,2.042685596,NA,4.11,4.330627267,1.19345837558043e-08,2.916572451,NA,NA,2021-10-25 14:55,2021-10-25,2021-10-25,25-Oct,2.42840625,2.42840625,,DC4 2021-10-25
57,DC4,2020-12-15,NA,1827.074427,1.419685573,NA,4.05,3.009826408,1.57008259264906e-08,3.836966357,NA,NA,2020-12-15,2020-12-15,2020-12-15,15-Dec,NA,2,,DC4 2020-12-15
57,DC4,2021-05-10,NA,1123.545181,0.872304482,NA,4.21,1.849342642,9.65510055373781e-09,2.359512562,NA,NA,2021-05-10,2021-05-10,2021-05-10,10-May,2.792145833,2.792145833,,DC4 2021-05-10
57,DC4,2021-04-21,1899-12-31 14:24:00,1284.850903,NA,NA,4.21,NA,1.10412690771471e-08,2.698264294,NA,NA,2021-04-21 14:24,2021-04-21,2021-04-21,21-Apr,NA,2,,DC4 2021-04-21
57,DC4,2019-10-10,NA,2008.173762,4.671059511,NA,3.96,9.902952133,1.72570893686685e-08,4.21728587,NA,NA,2019-10-10,2019-10-10,2019-10-10,10-Oct,8.235833333,8.235833333,,DC4 2019-10-10
57,DC4,2023-05-03,1899-12-31 13:51:00,1274,0.71,NA,4.38,1.505246507,1.09480226615853e-08,2.675476744,NA,NA,2023-05-03 13:51,2023-05-03,2023-05-03,03-May,NA,2,,DC4 2023-05-03
57,DC4,2021-08-18,1899-12-31 11:08:00,1698.498371,5.86344256,NA,3.93,12.4308823,1.45959173130464e-08,3.566948895,NA,NA,2021-08-18 11:08,2021-08-18,2021-08-18,18-Aug,12.859375,12.859375,,DC4 2021-08-18
57,DC4,2019-04-21,NA,1755.943031,1.24525873,NA,3.88,2.640030076,1.50895636566395e-08,3.687586142,NA,NA,2019-04-21,2019-04-21,2019-04-21,21-Apr,NA,2,,DC4 2019-04-21
57,DC4,2021-03-17,1899-12-31 12:51:00,1839.185241,NA,NA,4.29,NA,1.58048992873243e-08,3.862399795,NA,NA,2021-03-17 12:51,2021-03-17,2021-03-17,17-Mar,NA,2,,DC4 2021-03-17
57,DC4,2021-02-17,1899-12-31 12:32:00,1897.757711,NA,NA,4.18,NA,1.63082373842118e-08,3.985405512,NA,NA,2021-02-17 12:32,2021-02-17,2021-02-17,17-Feb,NA,2,,DC4 2021-02-17
57,DC4,2020-10-07,1899-12-31 13:44:00,2311.718378,3.29578679,NA,3.91,6.98728388,1.98655770688251e-08,4.854747848,NA,NA,2020-10-07 13:44,2020-10-07,2020-10-07,07-Oct,8.714708333,8.714708333,,DC4 2020-10-07
57,DC4,2021-03-31,1899-12-31 09:43:00,1978.090257,1.173843699,NA,4.18,2.488625533,1.69985690455011e-08,4.154108698,NA,NA,2021-03-31 09:43,2021-03-31,2021-03-31,31-Mar,NA,2,,DC4 2021-03-31
57,DC4,2021-05-07,1899-12-31 14:20:00,1212.858388,0.933902343,NA,4.17,1.979934141,1.0422606843366e-08,2.547075676,NA,NA,2021-05-07 14:20,2021-05-07,2021-05-07,07-May,NA,2,,DC4 2021-05-07
57,DC4,2020-12-01,1899-12-31 10:09:00,1964.777808,1.155959283,NA,4.02,2.450709398,1.68841695225655e-08,4.126151754,NA,NA,2020-12-01 10:09,2020-12-01,2020-12-01,01-Dec,NA,2,,DC4 2020-12-01
57,DC4,2021-01-20,1899-12-31 14:26:00,2002.249468,2.008271523,NA,4.13,4.257667177,1.7206179399397e-08,4.204844497,NA,NA,2021-01-20 14:26,2021-01-20,2021-01-20,20-Jan,NA,2,,DC4 2021-01-20
57,DC4,2021-04-13,1899-12-31 15:54:00,1585.634229,NA,NA,4.13,NA,1.36260278414751e-08,3.329927397,NA,NA,2021-04-13 15:54,2021-04-13,2021-04-13,13-Apr,NA,2,,DC4 2021-04-13
57,DC4,2020-10-21,NA,1988.032709,3.040845813,NA,3.99,6.446792309,1.7084008755145e-08,4.174988446,NA,NA,2020-10-21,2020-10-21,2020-10-21,21-Oct,3.345125,3.345125,,DC4 2020-10-21
58,DC1,2021-05-07,1899-12-31 10:34:00,587.5380298,NA,NA,4.96,NA,5.04896363044842e-09,1.233865255,NA,NA,2021-05-07 10:34,2021-05-07,2021-05-07,07-May,NA,2,,DC1 2021-05-07
58,DC1,2024-03-13,1899-12-31 11:23:00,1851,NA,NA,NA,NA,1.5906428529509e-08,3.887211502,NA,NA,2024-03-13 11:23,2024-03-13,2024-03-13,13-Mar,NA,2,,DC1 2024-03-13
58,DC1,2020-11-03,1899-12-31 10:56:00,900.969217,NA,NA,4.6,NA,7.74241083635909e-09,1.892089629,NA,NA,2020-11-03 10:56,2020-11-03,2020-11-03,03-Nov,NA,2,,DC1 2020-11-03
58,DC1,2020-05-13,NA,566.5090755,NA,NA,4.99,NA,4.8682529018225e-09,1.189703184,NA,NA,2020-05-13,2020-05-13,2020-05-13,13-May,8.972541667,8.972541667,,DC1 2020-05-13
58,DC1,2021-11-10,1899-12-31 10:04:00,785.3153498,0.683525539,NA,5.19,1.449118915,6.74854807366699e-09,1.649209541,NA,NA,2021-11-10 10:04,2021-11-10,2021-11-10,10-Nov,NA,2,,DC1 2021-11-10
58,DC1,2019-04-21,1899-12-31 15:37:00,1154.482393,0.499682294,NA,4.55,1.059359195,9.92095714343729e-09,2.42448257,NA,NA,2019-04-21 15:37,2019-04-21,2019-04-21,21-Apr,NA,2,,DC1 2019-04-21
58,DC1,2022-06-21,1899-12-31 13:43:00,806,1,NA,5.21,2.120065503,6.92630005120704e-09,1.692648552,NA,NA,2022-06-21 13:43,2022-06-21,2022-06-21,21-Jun,11.2196875,11.2196875,,DC1 2022-06-21
58,DC1,2022-09-12,1899-12-31 12:51:00,714,8.71,NA,5.82,18.46577054,6.13570500814122e-09,1.499443011,NA,NA,2022-09-12 12:51,2022-09-12,2022-09-12,12-Sep,9.778958333,9.778958333,,DC1 2022-09-12
58,DC1,2020-08-24,NA,1338.329852,NA,NA,5.14,NA,1.15008363817926e-08,2.810573309,NA,NA,2020-08-24,2020-08-24,2020-08-24,24-Aug,9.710770833,9.710770833,,DC1 2020-08-24
58,DC1,2019-06-18,NA,1418.782395,NA,NA,4.86,NA,1.21921992243377e-08,2.979528495,NA,NA,2019-06-18,2019-06-18,2019-06-18,18-Jun,11.61635417,11.61635417,,DC1 2019-06-18
58,DC1,2020-11-18,1899-12-31 13:56:00,895.901745,NA,NA,4.8,NA,7.69886389830986e-09,1.881447632,NA,NA,2020-11-18 13:56,2020-11-18,2020-11-18,18-Nov,NA,2,,DC1 2020-11-18
58,DC1,2022-07-20,1899-12-31 15:02:00,679,6.42,NA,5.3,13.61082053,5.83493515480097e-09,1.425940902,NA,NA,2022-07-20 15:02,2022-07-20,2022-07-20,20-Jul,13.0984375,13.0984375,,DC1 2022-07-20
58,DC1,2021-03-17,1899-12-31 10:18:00,1515.935254,NA,NA,5.26,NA,1.30270749729342e-08,3.183555352,NA,NA,2021-03-17 10:18,2021-03-17,2021-03-17,17-Mar,NA,2,,DC1 2021-03-17
58,DC1,2020-12-01,1899-12-31 11:11:00,958.1898707,NA,NA,4.93,NA,8.23413219684089e-09,2.012256449,NA,NA,2020-12-01 11:11,2020-12-01,2020-12-01,01-Dec,NA,2,,DC1 2020-12-01
58,DC1,2022-04-29,1899-12-31 10:03:00,792,NA,NA,5.25,NA,6.80599210987094e-09,1.663247709,NA,NA,2022-04-29 10:03,2022-04-29,2022-04-29,29-Apr,NA,2,,DC1 2022-04-29
58,DC1,2022-05-16,1899-12-31 13:40:00,516,NA,NA,5.31,NA,4.43420698067349e-09,1.083631083,NA,NA,2022-05-16 13:40,2022-05-16,2022-05-16,16-May,8.536229167,8.536229167,,DC1 2022-05-16
58,DC1,2020-10-07,1899-12-31 15:00:00,1153.929689,NA,NA,4.54,NA,9.91620752658894e-09,2.423321859,NA,NA,2020-10-07 15:00,2020-10-07,2020-10-07,07-Oct,8.714708333,8.714708333,,DC1 2020-10-07
58,DC1,2020-12-15,NA,842.7047528,NA,NA,4.94,NA,7.24171956871897e-09,1.769730744,NA,NA,2020-12-15,2020-12-15,2020-12-15,15-Dec,NA,2,,DC1 2020-12-15
58,DC1,2020-04-30,NA,652.7866521,NA,NA,5.03,NA,5.60967273142406e-09,1.370891292,NA,NA,2020-04-30,2020-04-30,2020-04-30,30-Apr,NA,2,,DC1 2020-04-30
58,DC1,2023-08-30,NA,888,1.89,NA,5.43,4.006923802,7.63096085046135e-09,1.864853492,NA,NA,2023-08-30,2023-08-30,2023-08-30,30-Aug,10.76010417,10.76010417,,DC1 2023-08-30
58,DC1,2020-08-10,NA,1417.940455,NA,NA,5.1,NA,1.21849640808008e-08,2.977760371,NA,NA,2020-08-10,2020-08-10,2020-08-10,10-Aug,14.09395833,14.09395833,,DC1 2020-08-10
58,DC1,2024-05-15,1899-12-31 11:10:00,595,NA,NA,5.49,NA,5.11308750678435e-09,1.249535842,NA,NA,2024-05-15 11:10,2024-05-15,2024-05-15,15-May,7.19575,7.19575,,DC1 2024-05-15
58,DC1,2022-05-23,1899-12-31 09:58:00,506,NA,NA,5.36,NA,4.34827273686199e-09,1.062630481,NA,NA,2022-05-23 09:58,2022-05-23,2022-05-23,23-May,5.60828125,5.60828125,,DC1 2022-05-23
58,DC1,2020-05-05,1899-12-31 10:07:00,659.1892682,NA,NA,4.96,NA,5.6646931291509e-09,1.384337172,NA,NA,2020-05-05 10:07,2020-05-05,2020-05-05,05-May,NA,2,,DC1 2020-05-05
58,DC1,2021-10-12,NA,764.7749798,1.305791472,NA,5.08,2.768363454,6.57203595710703e-09,1.606073527,NA,NA,2021-10-12,2021-10-12,2021-10-12,12-Oct,6.213916667,6.213916667,,DC1 2021-10-12
58,DC1,2021-02-17,1899-12-31 11:12:00,1115.438334,NA,NA,5.21,NA,9.58543497267934e-09,2.342487693,NA,NA,2021-02-17 11:12,2021-02-17,2021-02-17,17-Feb,NA,2,,DC1 2021-02-17
58,DC1,2022-05-06,1899-12-31 11:05:00,579,NA,NA,5.33,NA,4.97559271668595e-09,1.215934878,NA,NA,2022-05-06 11:05,2022-05-06,2022-05-06,06-May,NA,2,,DC1 2022-05-06
58,DC1,2021-07-19,1899-12-31 10:13:00,844.6192556,1.74015856,NA,4.96,3.689250133,7.25817170345678e-09,1.773751316,NA,NA,2021-07-19 10:13,2021-07-19,2021-07-19,19-Jul,13.2303125,13.2303125,,DC1 2021-07-19
58,DC1,2024-04-16,1899-12-31 11:57:00,1027,NA,NA,5.05,NA,8.82544683944123e-09,2.156761865,NA,NA,2024-04-16 11:57,2024-04-16,2024-04-16,16-Apr,NA,2,,DC1 2024-04-16
58,DC1,2021-08-03,1899-12-31 11:35:00,755.3749,1.371273301,NA,4.93,2.907189222,6.4912570822093e-09,1.586332793,NA,NA,2021-08-03 11:35,2021-08-03,2021-08-03,03-Aug,12.36458333,12.36458333,,DC1 2021-08-03
58,DC1,2024-11-06,1899-12-31 14:51:00,642,0.84,NA,5.65,1.780855023,5.51697845269841e-09,1.348238673,NA,NA,2024-11-06 14:51,2024-11-06,2024-11-06,06-Nov,NA,2,,DC1 2024-11-06
58,DC1,2021-04-29,1899-12-31 11:18:00,729.2453248,NA,NA,5,NA,6.26671455404656e-09,1.531459111,NA,NA,2021-04-29 11:18,2021-04-29,2021-04-29,29-Apr,NA,2,,DC1 2021-04-29
58,DC1,2022-04-05,1899-12-31 10:07:00,1042,NA,NA,5.55,NA,8.95434820515848e-09,2.188262769,NA,NA,2022-04-05 10:07,2022-04-05,2022-04-05,05-Apr,NA,2,,DC1 2022-04-05
58,DC1,2021-05-14,1899-12-31 15:05:00,618.152832,NA,NA,5.04,NA,5.31204961776601e-09,1.298158184,NA,NA,2021-05-14 15:05,2021-05-14,2021-05-14,14-May,7.636947917,7.636947917,,DC1 2021-05-14
58,DC1,2021-04-21,1899-12-31 11:38:00,1019.030871,NA,NA,4.92,NA,8.75696473147766e-09,2.140026214,NA,NA,2021-04-21 11:38,2021-04-21,2021-04-21,21-Apr,NA,2,,DC1 2021-04-21
58,DC1,2023-09-14,NA,904,2.96,NA,5.77,6.27539389,7.76845564055976e-09,1.898454456,NA,NA,2023-09-14,2023-09-14,2023-09-14,14-Sep,7.389052083,7.389052083,,DC1 2023-09-14
58,DC1,2021-09-13,1899-12-31 08:36:00,751.1504481,1.811101717,NA,5.06,3.839654274,6.45495457433251e-09,1.577461189,NA,NA,2021-09-13 08:36,2021-09-13,2021-09-13,13-Sep,8.6948125,8.6948125,,DC1 2021-09-13
58,DC1,2021-08-03,1899-12-31 09:08:00,930.9381561,1.766277771,NA,4.93,3.744624572,7.99994664790068e-09,1.955026206,NA,NA,2021-08-03 09:08,2021-08-03,2021-08-03,03-Aug,12.36458333,12.36458333,,DC1 2021-08-03
58,DC1,2021-07-07,1899-12-31 08:29:00,1384.65316,2.155481518,NA,5.04,4.56976201,1.18989122281023e-08,2.907855047,NA,NA,2021-07-07 08:29,2021-07-07,2021-07-07,07-Jul,17.42291667,17.42291667,,DC1 2021-07-07
58,DC1,2024-08-13,1899-12-31 09:27:00,1023,2.87,NA,5.18,6.084587995,8.79107314191663e-09,2.148361624,NA,NA,2024-08-13 09:27,2024-08-13,2024-08-13,13-Aug,13.62979167,13.62979167,,DC1 2024-08-13
58,DC1,2021-12-15,1899-12-31 09:28:00,849.2611174,NA,NA,5.45,NA,7.29806119262003e-09,1.783499505,NA,NA,2021-12-15 09:28,2021-12-15,2021-12-15,15-Dec,NA,2,,DC1 2021-12-15
58,DC1,2021-03-31,1899-12-31 09:48:00,1441.302885,NA,NA,5.06,NA,1.23857273543274e-08,3.026822881,NA,NA,2021-03-31 09:48,2021-03-31,2021-03-31,31-Mar,NA,2,,DC1 2021-03-31
58,DC1,2021-08-18,1899-12-31 13:29:00,902.5129614,2.340890013,NA,4.53,4.962840163,7.75567688700288e-09,1.895331585,NA,NA,2021-08-18 13:29,2021-08-18,2021-08-18,18-Aug,12.859375,12.859375,,DC1 2021-08-18
58,DC1,2020-10-21,NA,734.3025284,NA,NA,4.93,NA,6.31017325101981e-09,1.542079543,NA,NA,2020-10-21,2020-10-21,2020-10-21,21-Oct,3.345125,3.345125,,DC1 2020-10-21
58,DC1,2022-04-26,1899-12-31 12:55:00,688,NA,NA,5.11,NA,5.91227597423132e-09,1.444841444,NA,NA,2022-04-26 12:55,2022-04-26,2022-04-26,26-Apr,NA,2,,DC1 2022-04-26
58,DC1,2021-10-25,1899-12-31 11:36:00,565.8699337,0.734218286,NA,5.06,1.55659086,4.86276048510746e-09,1.188360948,NA,NA,2021-10-25 11:36,2021-10-25,2021-10-25,25-Oct,2.42840625,2.42840625,,DC1 2021-10-25
58,DC1,2021-04-27,1899-12-31 13:25:00,738.2466769,NA,NA,5,NA,6.34406699277944e-09,1.550362493,NA,NA,2021-04-27 13:25,2021-04-27,2021-04-27,27-Apr,NA,2,,DC1 2021-04-27
58,DC1,2022-07-05,1899-12-31 09:35:00,934,6.52,NA,5.52,13.82282708,8.02625837199426e-09,1.961456263,NA,NA,2022-07-05 09:35,2022-07-05,2022-07-05,05-Jul,16.57322917,16.57322917,,DC1 2022-07-05
58,DC1,2021-04-20,1899-12-31 15:21:00,918.3819575,NA,NA,4.96,NA,7.89204590472425e-09,1.928657433,NA,NA,2021-04-20 15:21,2021-04-20,2021-04-20,20-Apr,NA,2,,DC1 2021-04-20
58,DC1,2021-04-08,1899-12-31 10:54:00,1144.1029,NA,NA,5.09,NA,9.83176175864915e-09,2.40268501,NA,NA,2021-04-08 10:54,2021-04-08,2021-04-08,08-Apr,NA,2,,DC1 2021-04-08
58,DC1,2019-11-20,1899-12-31 13:53:00,692.3596096,NA,NA,4.73,NA,5.9497399498406e-09,1.453996887,NA,NA,2019-11-20 13:53,2019-11-20,2019-11-20,20-Nov,NA,2,,DC1 2019-11-20
58,DC1,2022-09-01,1899-12-31 11:16:00,686,13.43,NA,5.72,28.47247971,5.89508912546902e-09,1.440641324,NA,NA,2022-09-01 11:16,2022-09-01,2022-09-01,01-Sep,9.5078125,9.5078125,,DC1 2022-09-01
58,DC1,2021-01-20,1899-12-31 13:35:00,1159.814738,NA,NA,5.08,NA,9.96678024303687e-09,2.435680815,NA,NA,2021-01-20 13:35,2021-01-20,2021-01-20,20-Jan,NA,2,,DC1 2021-01-20
58,DC1,2021-04-13,1899-12-31 13:22:00,935.8434491,NA,NA,5.16,NA,8.04209991248617e-09,1.965327617,NA,NA,2021-04-13 13:22,2021-04-13,2021-04-13,13-Apr,NA,2,,DC1 2021-04-13
58,DC1,2021-04-29,1899-12-31 10:07:00,767.1877242,NA,NA,4.96,NA,6.59276969386805e-09,1.611140435,NA,NA,2021-04-29 10:07,2021-04-29,2021-04-29,29-Apr,NA,2,,DC1 2021-04-29
58,DC1,2024-07-16,1899-12-31 10:42:00,1676,NA,NA,5.68,NA,1.44025792628077e-08,3.51970096,NA,NA,2024-07-16 10:42,2024-07-16,2024-07-16,16-Jul,14.88625,14.88625,,DC1 2024-07-16
58,DC1,2023-05-03,1899-12-31 12:35:00,566,NA,NA,5.12,NA,4.863878199731e-09,1.188634095,NA,NA,2023-05-03 12:35,2023-05-03,2023-05-03,03-May,NA,2,,DC1 2023-05-03
59,DC2,2021-03-17,1899-12-31 11:03:00,1129.089669,NA,NA,4.9,NA,9.70274669131033e-09,2.37115632,NA,NA,2021-03-17 11:03,2021-03-17,2021-03-17,17-Mar,NA,2,,DC2 2021-03-17
59,DC2,2020-08-10,NA,2206.972503,NA,NA,4.72,NA,1.89654513129294e-08,4.634775201,NA,NA,2020-08-10,2020-08-10,2020-08-10,10-Aug,14.09395833,14.09395833,,DC2 2020-08-10
59,DC2,2023-05-03,1899-12-31 12:59:00,897,NA,NA,4.66,NA,7.70830166989171e-09,1.883754034,NA,NA,2023-05-03 12:59,2023-05-03,2023-05-03,03-May,NA,2,,DC2 2023-05-03
59,DC2,2021-04-21,1899-12-31 12:25:00,1403.491585,NA,NA,4.57,NA,1.20607988084458e-08,2.947416874,NA,NA,2021-04-21 12:25,2021-04-21,2021-04-21,21-Apr,NA,2,,DC2 2021-04-21
59,DC2,2020-10-07,1899-12-31 14:50:00,1424.756716,NA,NA,4.26,NA,1.22435390973761e-08,2.992074928,NA,NA,2020-10-07 14:50,2020-10-07,2020-10-07,07-Oct,8.714708333,8.714708333,,DC2 2020-10-07
59,DC2,2021-05-14,1899-12-31 15:33:00,1033.371158,NA,NA,4.64,NA,8.88019690683504e-09,2.170141682,NA,NA,2021-05-14 15:33,2021-05-14,2021-05-14,14-May,7.636947917,7.636947917,,DC2 2021-05-14
59,DC2,2022-02-09,1899-12-31 11:30:00,909,NA,NA,5.02,NA,7.81142276246551e-09,1.908954757,NA,NA,2022-02-09 11:30,2022-02-09,2022-02-09,09-Feb,NA,2,,DC2 2022-02-09
59,DC2,2021-11-10,1899-12-31 10:30:00,1170.625905,NA,NA,4.7,NA,1.00596851912944e-08,2.458384917,NA,NA,2021-11-10 10:30,2021-11-10,2021-11-10,10-Nov,NA,2,,DC2 2021-11-10
59,DC2,2021-10-25,1899-12-31 12:37:00,920.3570568,NA,NA,4.57,NA,7.9090187714351e-09,1.932805261,NA,NA,2021-10-25 12:37,2021-10-25,2021-10-25,25-Oct,2.42840625,2.42840625,,DC2 2021-10-25
59,DC2,2021-08-18,1899-12-31 13:14:00,1211.943149,NA,NA,4.24,NA,1.04147418065594e-08,2.545153619,NA,NA,2021-08-18 13:14,2021-08-18,2021-08-18,18-Aug,12.859375,12.859375,,DC2 2021-08-18
59,DC2,2024-04-16,1899-12-31 12:31:00,1385,NA,NA,4.61,NA,1.1901892767893e-08,2.908583431,NA,NA,2024-04-16 12:31,2024-04-16,2024-04-16,16-Apr,NA,2,,DC2 2024-04-16
59,DC2,2021-05-04,1899-12-31 11:03:00,1105.317996,NA,NA,4.61,NA,9.498466617079e-09,2.321234375,NA,NA,2021-05-04 11:03,2021-05-04,2021-05-04,04-May,NA,2,,DC2 2021-05-04
59,DC2,2020-11-03,1899-12-31 10:37:00,1285.14117,NA,NA,4.29,NA,1.10437634653094e-08,2.698873873,NA,NA,2020-11-03 10:37,2020-11-03,2020-11-03,03-Nov,NA,2,,DC2 2020-11-03
59,DC2,2024-07-16,1899-12-31 11:03:00,2403,NA,NA,4.8,NA,2.06499987879039e-08,5.046444754,NA,NA,2024-07-16 11:03,2024-07-16,2024-07-16,16-Jul,14.88625,14.88625,,DC2 2024-07-16
59,DC2,2022-04-29,1899-12-31 09:46:00,1344,NA,NA,4.81,NA,1.15495623682658e-08,2.822480961,NA,NA,2022-04-29 09:46,2022-04-29,2022-04-29,29-Apr,NA,2,,DC2 2022-04-29
59,DC2,2021-10-12,NA,1182.592485,NA,NA,4.55,NA,1.01625190958492e-08,2.483515457,NA,NA,2021-10-12,2021-10-12,2021-10-12,12-Oct,6.213916667,6.213916667,,DC2 2021-10-12
59,DC2,2021-04-27,1899-12-31 14:12:00,1232.492698,NA,NA,4.65,NA,1.05913328005046e-08,2.58830891,NA,NA,2021-04-27 14:12,2021-04-27,2021-04-27,27-Apr,NA,2,,DC2 2021-04-27
59,DC2,2023-08-30,NA,1356,NA,NA,4.61,NA,1.16526834608396e-08,2.847681684,NA,NA,2023-08-30,2023-08-30,2023-08-30,30-Aug,10.76010417,10.76010417,,DC2 2023-08-30
59,DC2,2021-04-29,1899-12-31 11:48:00,1142.700069,NA,NA,4.64,NA,9.81970663253122e-09,2.39973898,NA,NA,2021-04-29 11:48,2021-04-29,2021-04-29,29-Apr,NA,2,,DC2 2021-04-29
59,DC2,2022-06-21,1899-12-31 14:12:00,938,NA,NA,4.58,NA,8.06063206951886e-09,1.969856504,NA,NA,2022-06-21 14:12,2022-06-21,2022-06-21,21-Jun,11.2196875,11.2196875,,DC2 2022-06-21
59,DC2,2021-01-20,1899-12-31 14:02:00,1252.36689,NA,NA,4.78,NA,1.07621201673678e-08,2.63004591,NA,NA,2021-01-20 14:02,2021-01-20,2021-01-20,20-Jan,NA,2,,DC2 2021-01-20
59,DC2,2020-04-30,NA,960.3083271,NA,NA,4.62,NA,8.25233699168743e-09,2.016705335,NA,NA,2020-04-30,2020-04-30,2020-04-30,30-Apr,NA,2,,DC2 2020-04-30
59,DC2,2021-05-07,1899-12-31 11:01:00,980.8934749,NA,NA,4.63,NA,8.42923390209756e-09,2.059935385,NA,NA,2021-05-07 11:01,2021-05-07,2021-05-07,07-May,NA,2,,DC2 2021-05-07
59,DC2,2021-09-01,1899-12-31 11:50:00,1099.524542,0.92260959,NA,4.56,1.955992764,9.44868100380472e-09,2.309067771,NA,NA,2021-09-01 11:50,2021-09-01,2021-09-01,01-Sep,9.5078125,9.5078125,,DC2 2021-09-01
59,DC2,2019-11-20,1899-12-31 13:31:00,606.0063241,NA,NA,4.46,NA,5.20766952096972e-09,1.272649786,NA,NA,2019-11-20 13:31,2019-11-20,2019-11-20,20-Nov,NA,2,,DC2 2019-11-20
59,DC2,2020-10-21,NA,1160.621969,NA,NA,4.6,NA,9.97371712959847e-09,2.43737605,NA,NA,2020-10-21,2020-10-21,2020-10-21,21-Oct,3.345125,3.345125,,DC2 2020-10-21
59,DC2,2022-04-26,1899-12-31 13:29:00,1057,NA,NA,4.74,NA,9.08324957087573e-09,2.219763672,NA,NA,2022-04-26 13:29,2022-04-26,2022-04-26,26-Apr,NA,2,,DC2 2022-04-26
59,DC2,2023-09-14,NA,1438,NA,NA,4.84,NA,1.2357344260094e-08,3.019886623,NA,NA,2023-09-14,2023-09-14,2023-09-14,14-Sep,7.389052083,7.389052083,,DC2 2023-09-14
59,DC2,2022-04-05,1899-12-31 10:38:00,1134,NA,NA,5.12,NA,9.7449432482243e-09,2.381468311,NA,NA,2022-04-05 10:38,2022-04-05,2022-04-05,05-Apr,NA,2,,DC2 2022-04-05
59,DC2,2021-09-13,1899-12-31 08:59:00,1188.48477,NA,NA,4.61,NA,1.02131540019705e-08,2.495889611,NA,NA,2021-09-13 08:59,2021-09-13,2021-09-13,13-Sep,8.6948125,8.6948125,,DC2 2021-09-13
59,DC2,2024-11-06,1899-12-31 15:10:00,974,NA,NA,4.86,NA,8.36999534724027e-09,2.045458673,NA,NA,2024-11-06 15:10,2024-11-06,2024-11-06,06-Nov,NA,2,,DC2 2024-11-06
59,DC2,2022-05-06,1899-12-31 11:27:00,917,NA,NA,4.87,NA,7.88017015751471e-09,1.925755239,NA,NA,2022-05-06 11:27,2022-05-06,2022-05-06,06-May,NA,2,,DC2 2022-05-06
59,DC2,2021-12-15,1899-12-31 10:03:00,922.4933449,NA,NA,4.95,NA,7.92737680172436e-09,1.937291594,NA,NA,2021-12-15 10:03,2021-12-15,2021-12-15,15-Dec,NA,2,,DC2 2021-12-15
59,DC2,2021-07-07,1899-12-31 08:59:00,1307.224842,1.3247706,NA,4.68,2.80860045,1.12335378261315e-08,2.745250913,NA,NA,2021-07-07 08:59,2021-07-07,2021-07-07,07-Jul,17.42291667,17.42291667,,DC2 2021-07-07
59,DC2,2021-04-08,1899-12-31 11:38:00,1500.924795,NA,NA,4.69,NA,1.28980837270794e-08,3.152032483,NA,NA,2021-04-08 11:38,2021-04-08,2021-04-08,08-Apr,NA,2,,DC2 2021-04-08
59,DC2,2024-08-13,1899-12-31 10:06:00,1594,NA,NA,4.51,NA,1.36979184635534e-08,3.347496021,NA,NA,2024-08-13 10:06,2024-08-13,2024-08-13,13-Aug,13.62979167,13.62979167,,DC2 2024-08-13
59,DC2,2021-04-20,1899-12-31 15:58:00,1253.591995,NA,NA,4.56,NA,1.07726480095683e-08,2.632618703,NA,NA,2021-04-20 15:58,2021-04-20,2021-04-20,20-Apr,NA,2,,DC2 2021-04-20
59,DC2,2022-01-12,1899-12-31 10:53:00,882,NA,NA,4.51,NA,7.57940030417445e-09,1.852253131,NA,NA,2022-01-12 10:53,2022-01-12,2022-01-12,12-Jan,NA,2,,DC2 2022-01-12
59,DC2,2020-11-18,1899-12-31 13:42:00,1319.132092,NA,NA,4.45,NA,1.13358618835861e-08,2.770256857,NA,NA,2020-11-18 13:42,2020-11-18,2020-11-18,18-Nov,NA,2,,DC2 2020-11-18
59,DC2,2021-07-19,1899-12-31 10:38:00,1088.402845,NA,NA,4.53,NA,9.35310754260101e-09,2.285711538,NA,NA,2021-07-19 10:38,2021-07-19,2021-07-19,19-Jul,13.2303125,13.2303125,,DC2 2021-07-19
59,DC2,2022-04-21,1899-12-31 12:55:00,1672,NA,NA,4.74,NA,1.43682055652831e-08,3.511300719,NA,NA,2022-04-21 12:55,2022-04-21,2022-04-21,21-Apr,NA,2,,DC2 2022-04-21
59,DC2,2020-12-15,NA,1258.117864,NA,NA,4.62,NA,1.08115407249895e-08,2.642123301,NA,NA,2020-12-15,2020-12-15,2020-12-15,15-Dec,NA,2,,DC2 2020-12-15
59,DC2,2020-05-14,NA,952.151704,NA,NA,4.64,NA,8.18224366771275e-09,1.999575935,NA,NA,2020-05-14,2020-05-14,2020-05-14,14-May,7.636947917,7.636947917,,DC2 2020-05-14
59,DC2,2021-03-31,1899-12-31 10:29:00,1585.787101,NA,NA,4.66,NA,1.36273415390971e-08,3.330248439,NA,NA,2021-03-31 10:29,2021-03-31,2021-03-31,31-Mar,NA,2,,DC2 2021-03-31
59,DC2,2019-04-21,1899-12-31 15:54:00,1069.511274,0.491072867,NA,4.52,1.041106644,9.19076426138367e-09,2.246038102,NA,NA,2019-04-21 15:54,2019-04-21,2019-04-21,21-Apr,NA,2,,DC2 2019-04-21
59,DC2,2022-05-16,1899-12-31 13:50:00,847,NA,NA,4.8,NA,7.2786304508342e-09,1.778751022,NA,NA,2022-05-16 13:50,2022-05-16,2022-05-16,16-May,8.536229167,8.536229167,,DC2 2022-05-16
59,DC2,2020-12-01,1899-12-31 10:55:00,1288.80733,NA,NA,4.61,NA,1.10752683315835e-08,2.706573029,NA,NA,2020-12-01 10:55,2020-12-01,2020-12-01,01-Dec,NA,2,,DC2 2020-12-01
59,DC2,2024-05-15,1899-12-31 11:39:00,910,NA,NA,4.73,NA,7.82001618684666e-09,1.911054817,NA,NA,2024-05-15 11:39,2024-05-15,2024-05-15,15-May,7.19575,7.19575,,DC2 2024-05-15
59,DC2,2020-05-05,1899-12-31 10:31:00,956.0586737,NA,NA,4.58,NA,8.21581791667411e-09,2.007780807,NA,NA,2020-05-05 10:31,2020-05-05,2020-05-05,05-May,NA,2,,DC2 2020-05-05
59,DC2,2022-08-04,1899-12-31 10:19:00,1182,0.98,NA,4.73,2.077664193,1.01574276185195e-08,2.482271202,NA,NA,2022-08-04 10:19,2022-08-04,2022-08-04,04-Aug,12.16052083,12.16052083,,DC2 2022-08-04
59,DC2,2022-05-23,1899-12-31 10:29:00,953,NA,NA,4.85,NA,8.18953343523612e-09,2.001357408,NA,NA,2022-05-23 10:29,2022-05-23,2022-05-23,23-May,5.60828125,5.60828125,,DC2 2022-05-23
59,DC2,2021-08-03,1899-12-31 09:25:00,1352.718141,1.123979981,NA,4.56,2.382911184,1.16244810494628e-08,2.840789581,NA,NA,2021-08-03 09:25,2021-08-03,2021-08-03,03-Aug,12.36458333,12.36458333,,DC2 2021-08-03
59,DC2,2021-02-17,1899-12-31 10:34:00,982.4975977,NA,NA,4.88,NA,8.4430188101557e-09,2.06330414,NA,NA,2021-02-17 10:34,2021-02-17,2021-02-17,17-Feb,NA,2,,DC2 2021-02-17
59,DC2,2021-04-13,1899-12-31 13:51:00,1277.296619,NA,NA,4.75,NA,1.09763519036549e-08,2.682399842,NA,NA,2021-04-13 13:51,2021-04-13,2021-04-13,13-Apr,NA,2,,DC2 2021-04-13
60,DC3,2021-04-27,1899-12-31 15:04:00,729.4662169,NA,NA,4.88,NA,6.26861277340198e-09,1.531922998,NA,NA,2021-04-27 15:04,2021-04-27,2021-04-27,27-Apr,NA,2,,DC3 2021-04-27
60,DC3,2020-10-07,1899-12-31 13:02:00,1489.593549,NA,NA,4.6,NA,1.28007095231678e-08,3.128236185,NA,NA,2020-10-07 13:02,2020-10-07,2020-10-07,07-Oct,8.714708333,8.714708333,,DC3 2020-10-07
60,DC3,2020-04-30,NA,595.1357143,NA,NA,5,NA,5.11425375727197e-09,1.24982085,NA,NA,2020-04-30,2020-04-30,2020-04-30,30-Apr,NA,2,,DC3 2020-04-30
60,DC3,2021-03-31,1899-12-31 13:53:00,1084.571947,NA,NA,4.88,NA,9.32018701270528e-09,2.277666422,NA,NA,2021-03-31 13:53,2021-03-31,2021-03-31,31-Mar,NA,2,,DC3 2021-03-31
60,DC3,2021-04-20,1899-12-31 16:47:00,1144.209676,NA,NA,4.72,NA,9.8326793272929e-09,2.402909246,NA,NA,2021-04-20 16:47,2021-04-20,2021-04-20,20-Apr,NA,2,,DC3 2021-04-20
60,DC3,2024-01-09,1899-12-31 14:37:00,1047,0.91,NA,5.88,1.929259608,8.99731532706423e-09,2.19876307,NA,NA,2024-01-09 14:37,2024-01-09,2024-01-09,09-Jan,NA,2,,DC3 2024-01-09
60,DC3,2021-03-17,1899-12-31 13:10:00,1201.368863,NA,NA,5.22,NA,1.03238724822612e-08,2.522946982,NA,NA,2021-03-17 13:10,2021-03-17,2021-03-17,17-Mar,NA,2,,DC3 2021-03-17
60,DC3,2021-09-13,1899-12-31 09:35:00,948.0165326,2.456522082,NA,4.86,5.207987724,8.14670838512477e-09,1.990891826,NA,NA,2021-09-13 09:35,2021-09-13,2021-09-13,13-Sep,8.6948125,8.6948125,,DC3 2021-09-13
60,DC3,2025-01-21,1899-12-31 13:09:00,1046,2.86,NA,5.72,6.06338734,8.98872190268308e-09,2.19666301,NA,NA,2025-01-21 13:09,2025-01-21,2025-01-21,21-Jan,NA,2,,DC3 2025-01-21
60,DC3,2021-05-10,NA,543.8887182,NA,NA,4.91,NA,4.67386657160759e-09,1.142199071,NA,NA,2021-05-10,2021-05-10,2021-05-10,10-May,2.792145833,2.792145833,,DC3 2021-05-10
60,DC3,2022-07-05,1899-12-31 11:27:00,640,6.74,NA,5.32,14.28924149,5.49979160393611e-09,1.344038553,NA,NA,2022-07-05 11:27,2022-07-05,2022-07-05,05-Jul,16.57322917,16.57322917,,DC3 2022-07-05
60,DC3,2021-08-18,1899-12-31 11:52:00,1177.291799,1.687999242,NA,4.39,3.578668963,1.01169680527764e-08,2.472383697,NA,NA,2021-08-18 11:52,2021-08-18,2021-08-18,18-Aug,12.859375,12.859375,,DC3 2021-08-18
60,DC3,2020-08-24,NA,1316.382224,3.646747181,NA,5.18,7.731342898,1.13122310970783e-08,2.764481967,NA,NA,2020-08-24,2020-08-24,2020-08-24,24-Aug,9.710770833,9.710770833,,DC3 2020-08-24
60,DC3,2020-08-10,NA,1311.308275,1.792532495,NA,5.01,3.800286306,1.12686284987591e-08,2.753826368,NA,NA,2020-08-10,2020-08-10,2020-08-10,10-Aug,14.09395833,14.09395833,,DC3 2020-08-10
60,DC3,2020-11-18,1899-12-31 13:02:00,974.7946832,NA,NA,4.67,NA,8.37682439745647e-09,2.047127555,NA,NA,2020-11-18 13:02,2020-11-18,2020-11-18,18-Nov,NA,2,,DC3 2020-11-18
60,DC3,2023-09-14,NA,833,6.15,NA,5.58,13.03840285,7.1583225094981e-09,1.749350179,NA,NA,2023-09-14,2023-09-14,2023-09-14,14-Sep,7.389052083,7.389052083,,DC3 2023-09-14
60,DC3,2022-02-09,1899-12-31 12:17:00,694,NA,NA,5.61,NA,5.96383652051822e-09,1.457441806,NA,NA,2022-02-09 12:17,2022-02-09,2022-02-09,09-Feb,NA,2,,DC3 2022-02-09
60,DC3,2019-10-10,NA,436.3968557,NA,NA,5.04,NA,3.75014337996702e-09,0.916459685,NA,NA,2019-10-10,2019-10-10,2019-10-10,10-Oct,8.235833333,8.235833333,,DC3 2019-10-10
60,DC3,2025-02-20,1899-12-31 13:39:00,1034,2.01,NA,NA,4.261331662,8.88560081010928e-09,2.171462287,NA,NA,2025-02-20 13:39,2025-02-20,2025-02-20,20-Feb,NA,2,,DC3 2025-02-20
60,DC3,2022-05-23,1899-12-31 12:12:00,391,1.15,NA,5.29,2.438075329,3.36002893302972e-09,0.821123553,NA,NA,2022-05-23 12:12,2022-05-23,2022-05-23,23-May,5.60828125,5.60828125,,DC3 2022-05-23
60,DC3,2022-06-21,1899-12-31 15:01:00,609,3.33,NA,4.99,7.059818127,5.23339544812046e-09,1.278936685,NA,NA,2022-06-21 15:01,2022-06-21,2022-06-21,21-Jun,11.2196875,11.2196875,,DC3 2022-06-21
60,DC3,2021-09-01,1899-12-31 12:23:00,929.8728342,3.16773001,NA,4.76,6.715795118,7.99079188451378e-09,1.952788966,NA,NA,2021-09-01 12:23,2021-09-01,2021-09-01,01-Sep,9.5078125,9.5078125,,DC3 2021-09-01
60,DC3,2021-05-14,1899-12-31 10:55:00,574.9570663,NA,NA,4.97,NA,4.94085007140567e-09,1.207444474,NA,NA,2021-05-14 10:55,2021-05-14,2021-05-14,14-May,7.636947917,7.636947917,,DC3 2021-05-14
60,DC3,2022-05-06,1899-12-31 10:03:00,563,NA,NA,5.28,NA,4.83809792658755e-09,1.182333914,NA,NA,2022-05-06 10:03,2022-05-06,2022-05-06,06-May,NA,2,,DC3 2022-05-06
60,DC3,2020-12-01,1899-12-31 09:31:00,870.2938926,NA,NA,4.89,NA,7.47880475541752e-09,1.8276696,NA,NA,2020-12-01 09:31,2020-12-01,2020-12-01,01-Dec,NA,2,,DC3 2020-12-01
60,DC3,2024-03-13,1899-12-31 12:13:00,2247,0.85,NA,5.82,1.802055678,1.93094245844444e-08,4.718835357,NA,NA,2024-03-13 12:13,2024-03-13,2024-03-13,13-Mar,NA,2,,DC3 2024-03-13
60,DC3,2022-09-01,1899-12-31 12:03:00,854,7.43,NA,5.49,15.75208669,7.33878442150225e-09,1.793451444,NA,NA,2022-09-01 12:03,2022-09-01,2022-09-01,01-Sep,9.5078125,9.5078125,,DC3 2022-09-01
60,DC3,2021-07-19,1899-12-31 11:08:00,916.3375932,4.581042781,NA,4.77,9.71211077,7.87447781467797e-09,1.924364145,NA,NA,2021-07-19 11:08,2021-07-19,2021-07-19,19-Jul,13.2303125,13.2303125,,DC3 2021-07-19
60,DC3,2023-05-03,1899-12-31 14:25:00,510,NA,NA,5,NA,4.38264643438659e-09,1.071030722,NA,NA,2023-05-03 14:25,2023-05-03,2023-05-03,03-May,NA,2,,DC3 2023-05-03
60,DC3,2022-07-20,1899-12-31 11:10:00,606,2.71,NA,5.09,5.745377514,5.20761517497701e-09,1.272636505,NA,NA,2022-07-20 11:10,2022-07-20,2022-07-20,20-Jul,13.0984375,13.0984375,,DC3 2022-07-20
60,DC3,2023-07-19,1899-12-31 10:15:00,1413,3.01,NA,5.67,6.381397165,1.21425086505652e-08,2.967385117,NA,NA,2023-07-19 10:15,2023-07-19,2023-07-19,19-Jul,13.2303125,13.2303125,,DC3 2023-07-19
60,DC3,2021-12-15,1899-12-31 10:44:00,786.6964416,0.661153589,NA,5.49,1.401688917,6.76041638184424e-09,1.652109917,NA,NA,2021-12-15 10:44,2021-12-15,2021-12-15,15-Dec,NA,2,,DC3 2021-12-15
60,DC3,2021-02-17,1899-12-31 12:27:00,1041.994808,NA,NA,5.24,NA,8.95430358652246e-09,2.188251865,NA,NA,2021-02-17 12:27,2021-02-17,2021-02-17,17-Feb,NA,2,,DC3 2021-02-17
60,DC3,2021-04-29,1899-12-31 12:27:00,724.7170372,NA,NA,4.86,NA,6.22780105726071e-09,1.521949434,NA,NA,2021-04-29 12:27,2021-04-29,2021-04-29,29-Apr,NA,2,,DC3 2021-04-29
60,DC3,2019-04-21,1899-12-31 16:25:00,1177.700655,0.53584189,NA,4.77,1.136019907,1.01204815192889e-08,2.473242318,NA,NA,2019-04-21 16:25,2019-04-21,2019-04-21,21-Apr,NA,2,,DC3 2019-04-21
60,DC3,2024-05-15,1899-12-31 12:09:00,482,0.87,NA,5.24,1.844456988,4.14203055171438e-09,1.012229035,NA,NA,2024-05-15 12:09,2024-05-15,2024-05-15,15-May,7.19575,7.19575,,DC3 2024-05-15
60,DC3,2024-04-16,1899-12-31 13:35:00,1249,0.62,NA,4.76,1.314440612,1.07331870520566e-08,2.622975238,NA,NA,2024-04-16 13:35,2024-04-16,2024-04-16,16-Apr,NA,2,,DC3 2024-04-16
60,DC3,2023-08-30,NA,713,3.55,NA,5.06,7.526232537,6.12711158376007e-09,1.49734295,NA,NA,2023-08-30,2023-08-30,2023-08-30,30-Aug,10.76010417,10.76010417,,DC3 2023-08-30
60,DC3,2021-08-03,1899-12-31 10:23:00,1002.718864,4.172548776,NA,4.76,8.846076721,8.61678873430004e-09,2.105770017,NA,NA,2021-08-03 10:23,2021-08-03,2021-08-03,03-Aug,12.36458333,12.36458333,,DC3 2021-08-03
60,DC3,2022-04-05,1899-12-31 11:23:00,800,0.91,NA,5.57,1.929259608,6.87473950492014e-09,1.680048191,NA,NA,2022-04-05 11:23,2022-04-05,2022-04-05,05-Apr,NA,2,,DC3 2022-04-05
60,DC3,2022-09-12,1899-12-31 13:37:00,1007,4.81,NA,5.57,10.19751507,8.65357835181823e-09,2.11476066,NA,NA,2022-09-12 13:37,2022-09-12,2022-09-12,12-Sep,9.778958333,9.778958333,,DC3 2022-09-12
60,DC3,2020-05-15,NA,593.9929512,NA,NA,4.92,NA,5.10443350920919e-09,1.247420979,NA,NA,2020-05-15,2020-05-15,2020-05-15,15-May,7.19575,7.19575,,DC3 2020-05-15
60,DC3,2020-10-21,NA,725.6731219,NA,NA,4.86,NA,6.23601709844856e-09,1.52395727,NA,NA,2020-10-21,2020-10-21,2020-10-21,21-Oct,3.345125,3.345125,,DC3 2020-10-21
60,DC3,2022-04-21,1899-12-31 13:07:00,1566,0.82,NA,4.91,1.738453713,1.34573025808812e-08,3.288694334,NA,NA,2022-04-21 13:07,2022-04-21,2022-04-21,21-Apr,NA,2,,DC3 2022-04-21
60,DC3,2019-06-18,NA,482.9458974,0.926449656,NA,5.09,1.964133956,4.15015904932681e-09,1.014215477,NA,NA,2019-06-18,2019-06-18,2019-06-18,18-Jun,11.61635417,11.61635417,,DC3 2019-06-18
60,DC3,2020-12-15,1899-12-31 11:19:00,659.9923821,NA,NA,4.89,NA,5.67159462789002e-09,1.38602376,NA,NA,2020-12-15 11:19,2020-12-15,2020-12-15,15-Dec,NA,2,,DC3 2020-12-15
60,DC3,2020-11-03,1899-12-31 09:23:00,984.9406351,NA,NA,4.52,NA,8.46401286723099e-09,2.068434665,NA,NA,2020-11-03 09:23,2020-11-03,2020-11-03,03-Nov,NA,2,,DC3 2020-11-03
60,DC3,2024-09-10,1899-12-31 15:43:00,810,6.61,NA,5.43,14.01363298,6.96067374873164e-09,1.701048793,NA,NA,2024-09-10 15:43,2024-09-10,2024-09-10,10-Sep,8.234291667,8.234291667,,DC3 2024-09-10
60,DC3,2022-01-12,1899-12-31 12:34:00,720,NA,NA,5.1,NA,6.18726555442813e-09,1.512043372,NA,NA,2022-01-12 12:34,2022-01-12,2022-01-12,12-Jan,NA,2,,DC3 2022-01-12
60,DC3,2024-07-16,1899-12-31 12:01:00,1170,17.52,NA,5.69,37.14354762,1.00543065259457e-08,2.457070479,NA,NA,2024-07-16 12:01,2024-07-16,2024-07-16,16-Jul,14.88625,14.88625,,DC3 2024-07-16
60,DC3,2022-08-04,1899-12-31 11:17:00,663,5.13,NA,5.33,10.87593603,5.69744036470257e-09,1.392339938,NA,NA,2022-08-04 11:17,2022-08-04,2022-08-04,04-Aug,12.16052083,12.16052083,,DC3 2022-08-04
60,DC3,2021-04-13,1899-12-31 14:45:00,857.7270205,NA,NA,5.02,NA,7.37081229075209e-09,1.801278412,NA,NA,2021-04-13 14:45,2021-04-13,2021-04-13,13-Apr,NA,2,,DC3 2021-04-13
60,DC3,2021-04-08,1899-12-31 13:01:00,1032.272026,NA,NA,4.91,NA,8.87075159801059e-09,2.167833438,NA,NA,2021-04-08 13:01,2021-04-08,2021-04-08,08-Apr,NA,2,,DC3 2021-04-08
60,DC3,2021-10-25,1899-12-31 13:37:00,555.5550307,0.83847863,NA,4.92,1.777629618,4.77412014603225e-09,1.16669903,NA,NA,2021-10-25 13:37,2021-10-25,2021-10-25,25-Oct,2.42840625,2.42840625,,DC3 2021-10-25
60,DC3,2019-12-12,1899-12-31 10:29:00,596.275343,NA,NA,5.08,NA,5.12404707038847e-09,1.252214139,NA,NA,2019-12-12 10:29,2019-12-12,2019-12-12,12-Dec,NA,2,,DC3 2019-12-12
60,DC3,2019-11-20,1899-12-31 14:54:00,814.2248553,NA,NA,4.94,NA,6.99697972319143e-09,1.709921244,NA,NA,2019-11-20 14:54,2019-11-20,2019-11-20,20-Nov,NA,2,,DC3 2019-11-20
60,DC3,2021-10-12,NA,620.8263695,1.898520817,NA,4.94,4.024988491,5.335024460228e-09,1.303772774,NA,NA,2021-10-12,2021-10-12,2021-10-12,12-Oct,6.213916667,6.213916667,,DC3 2021-10-12
60,DC3,2024-08-13,1899-12-31 10:33:00,781,7.23,NA,4.98,15.32807359,6.71146444167829e-09,1.640147047,NA,NA,2024-08-13 10:33,2024-08-13,2024-08-13,13-Aug,13.62979167,13.62979167,,DC3 2024-08-13
60,DC3,2021-07-07,1899-12-31 09:31:00,948.5156469,5.530080146,NA,4.96,11.72413215,8.15099748621022e-09,1.991939996,NA,NA,2021-07-07 09:31,2021-07-07,2021-07-07,07-Jul,17.42291667,17.42291667,,DC3 2021-07-07
60,DC3,2022-03-08,1899-12-31 15:12:00,877,NA,NA,5.64,NA,7.5364331822687e-09,1.841752829,NA,NA,2022-03-08 15:12,2022-03-08,2022-03-08,08-Mar,NA,2,,DC3 2022-03-08
60,DC3,2021-05-04,1899-12-31 12:59:00,758.8415921,NA,NA,4.82,NA,6.52104783866112e-09,1.593613055,NA,NA,2021-05-04 12:59,2021-05-04,2021-05-04,04-May,NA,2,,DC3 2021-05-04
60,DC3,2021-11-10,1899-12-31 11:25:00,682.0213108,1.336880901,NA,5.16,2.83427508,5.86089856097977e-09,1.432285837,NA,NA,2021-11-10 11:25,2021-11-10,2021-11-10,10-Nov,NA,2,,DC3 2021-11-10
60,DC3,2021-04-21,1899-12-31 13:43:00,786.1877943,NA,NA,4.73,NA,6.75604535939136e-09,1.651041727,NA,NA,2021-04-21 13:43,2021-04-21,2021-04-21,21-Apr,NA,2,,DC3 2021-04-21
60,DC3,2022-04-29,1899-12-31 10:57:00,703,NA,NA,5.21,NA,6.04117733994857e-09,1.476342348,NA,NA,2022-04-29 10:57,2022-04-29,2022-04-29,29-Apr,NA,2,,DC3 2022-04-29
60,DC3,2022-05-16,1899-12-31 15:30:00,441,0.94,NA,5.2,1.992861573,3.78970015208723e-09,0.926126565,NA,NA,2022-05-16 15:30,2022-05-16,2022-05-16,16-May,8.536229167,8.536229167,,DC3 2022-05-16
60,DC3,2021-05-07,1899-12-31 14:51:00,590.5439165,NA,NA,4.86,NA,5.07479449017812e-09,1.240177798,NA,NA,2021-05-07 14:51,2021-05-07,2021-05-07,07-May,NA,2,,DC3 2021-05-07
60,DC3,2021-01-20,1899-12-31 14:41:00,914.6806296,NA,NA,5.09,NA,7.86023882328266e-09,1.920884421,NA,NA,2021-01-20 14:41,2021-01-20,2021-01-20,20-Jan,NA,2,,DC3 2021-01-20