"","TimeStamp","TA","TA_MAX","TA_MIN","TS_-0.1m","TS_-0.2m","P","SW_CUM","VP","PPFD_CUM","NETRAD_CUM","WS","WS_MAX","Station Name","Date","Q","q_int_mmd","Site_id","Treatment","Site_id_chem","pH","EC_uScm","DOC_mgL","NO2_NO3_ugL","DN_mgL","NH4_ugL","PO4_ugL","SO4_ugL","Mn_ugL","Na_ugL","Cl_ugL","Ca_ugL","P_ugL","Si_ugL","Mg_ugL","K_ugL","Fe_ugL","Hg_ugL","d18O","d2H","DIC_mgL","pCO2_uatm","CH4_ugL","CO2_mgL","dexcess","pH_MW","WT_MW","DIC_mgL_MW","CO2_mgL_MW","CH4_ugL_MW","Date_MW","row_id","CO2_mgL_filled","DIC_mgL_filled","pH_filled","EC_uScm_filled","DOC_mgL_filled","NO2_NO3_ugL_filled","DN_mgL_filled","NH4_ugL_filled","PO4_ugL_filled","SO4_ugL_filled","Mn_ugL_filled","Na_ugL_filled","Cl_ugL_filled","Ca_ugL_filled","P_ugL_filled","Si_ugL_filled","Mg_ugL_filled","K_ugL_filled","Fe_ugL_filled","Hg_ugL_filled","d18O_filled","d2H_filled","dexcess_filled","n","Site_ID_14C","Publication Code_DOC","Sample_id_DOC","DOY","Year","Site_id_C14","Treatment_C14","Material_Type_DOC","DOC_14C_Modern","DOC_14C_Modern_error","Radio_Age_DOC","Radio_Age_uncertainty_DOC","DOCmgL_14C_DOC","d13C_DOC","Date_CO2","Publication Code_CO2","Sample_id_CO2","Material_Type_CO2","CO2_14C_Modern","CO2_14C_Modern_error","Radio_Age_CO2","Radio_Age_uncertainty_CO2","CO2_vol_ml_or_DOCmgL_CO2","d13C_CO2","DOY_CO2"
"1",2020-04-27,0.7,3.6,-2.8,NA,0.5,0,11.3,4.6,26,NA,2.3,6.5,"HYG",2020-04-27,0.773510146488744,0.773510146488744,"DC2","PreDisturbance","DC2",4.62,40,32.9533333333333,9.48,0.584966666666667,7.6,3.5,1735.40999999999,13.3515550686516,1901.47780176524,723.454999999999,2187.00703519751,24.4400703116915,4686.42142057472,622.485260383203,259.37500216568,589.239815359664,0.00664876052120229,-13.6465857885656,-99.8163283567781,2.05194628503296,2240.48702797761,NA,2.02887560640963,9.3563579517467,4.62,0.742032951994385,2.05192628414246,2.0288426840238,NA,2020-04-27,129,2.0288426840238,2.05192628414246,4.62,40,32.9533333333333,9.48,0.584966666666667,7.6,3.5,1735.40999999999,13.3515550686516,1901.47780176524,723.454999999999,2187.00703519751,24.4400703116915,4686.42142057472,622.485260383203,259.37500216568,589.239815359664,0.00664876052120229,-13.6465857885656,-99.8163283567781,9.3563579517467,58,"DC2","SUERC-97978","DC2-DOC-200427",118,2020,"DC2","Pre-clearcut","DOC",105.7458,0.4838,NA,NA,19.2,-28.548,NA,NA,NA,NA,NA,NA,NA,NA,NA,NA,NA
"2",2020-10-20,-4.4,0,-7.8,NA,4.8,0,3.9,4.7,NA,-1.8,1.7,5.4,"HYG",2020-10-20,0.990863219821387,0.990863219821387,"DC2","PostHarvest",NA,NA,NA,NA,NA,NA,NA,NA,NA,NA,NA,NA,NA,NA,NA,NA,NA,NA,NA,NA,NA,NA,NA,NA,NA,NA,NA,NA,NA,NA,NA,NA,NA,2.4489863388315,2.47697325479396,4.57571428571429,42.7142857142857,44.8,9.445,0.793571428571428,8.81642857142857,11.7985714285714,643.932847058824,28.8457082702083,2175.66480671023,1309.82505882352,2089.62268105122,49.2179896123135,5837.90765047851,629.373402569914,1217.0460602775,950.709951700725,0.0102481028105245,-12.7692133210991,-92.789109882347,9.36459668644569,59,"DC2","SUERC-100405","DC2-DOC-201020",294,2020,"DC2","Post-clearcut","DOC",103.7323,0.4883,NA,NA,25,-29.249,2020-10-20,"SUERC-100384","DC2-X303-201020","CO2",97.5649,0.4607,198,38,4.89,-22.881,294
"3",2021-04-30,1.8,6.1,-2.7,NA,0.8,0,18.1,3.7,39.7,3.2,3.8,11.5,"HYG",2021-04-30,6.89066691870487,6.89066691870487,"DC2","PostHarvest",NA,NA,NA,NA,NA,NA,NA,NA,NA,NA,NA,NA,NA,NA,NA,NA,NA,NA,NA,NA,NA,NA,NA,NA,NA,NA,NA,NA,NA,NA,NA,NA,NA,2.35272395470808,2.3840148207962,4.634,32,44.26,101.46,1.09,147.614,8.84,610.3536,19.0958289723846,1120.57357415859,945.1688,1440.21095421693,52.4793150195083,2671.11600833466,320.909100321156,1090.36273885951,866.529901002516,0.0130015706085186,-14.7997486660108,-107.983221438069,10.414767890018,60,"DC2","SUERC-102775","DC2-DOC-210430",120,2021,"DC2","Post-clearcut","DOC",108.3271,0.472,NA,NA,34.5,-28.424,2021-04-30,"SUERC-100393","DC2-X405-210430","CO2",102.828,0.4623,NA,NA,6.08,-23.428,120
"4",2021-08-20,12.8,18.5,8.9,NA,12.9,0.2,9.9,12.9,23.3,4,3,8.7,"HYG",2021-08-20,4.93206948732741,4.93206948732741,"DC2","PostHarvest",NA,NA,NA,NA,NA,NA,NA,NA,NA,NA,NA,NA,NA,NA,NA,NA,NA,NA,NA,NA,NA,NA,NA,NA,NA,NA,NA,NA,NA,NA,NA,NA,NA,2.49300126310553,2.5114025899906,4.28571428571429,60.3757142857143,99.7571428571429,338.465714285714,2.75714285714286,440.068571428571,44.4514285714286,437.815714285714,57.3402372199465,1305.04212208565,1355.07,2579.4424583194,89.2980903886786,2917.46694981187,390.161877786239,2342.83442438103,2034.09605905137,0.0319105345467252,-11.6925311701193,-83.9753172985434,9.56493206241134,61,"DC2","SUERC-102375","DC2-DOC-210820",232,2021,"DC2","Post-clearcut","DOC",106.7334,0.4884,NA,NA,46.22,-28.609,2021-08-20,"SUERC-102365","DC2-X407-210820","CO2",104.4894,0.4555,NA,NA,5.52,-21.329,232
"5",2021-09-24,5.9,6.3,5.2,NA,7.9,10.1,1.2,9.3,3.4,0.3,2.3,5.9,"HYG",2021-09-24,24.6573527247558,24.6573527247558,"DC2","2yrPostHarvest",NA,NA,NA,NA,NA,NA,NA,NA,NA,NA,NA,NA,NA,NA,NA,NA,NA,NA,NA,NA,NA,NA,NA,NA,NA,NA,NA,NA,NA,NA,NA,NA,NA,2.45934094785022,2.49117168375793,4.58724137931034,40.4893103448276,64.0413793103448,29.9855172413793,1.50758620689655,267.816206896552,16.588275862069,530.035586206896,30.3158260303836,1560.99316042248,1462.41068965517,1807.70198998624,44.1580966003259,3303.66327702901,339.294303557331,1107.6772400355,1803.74422241228,0.0108132440222551,-12.3214343361742,-88.4288257474258,10.1426489419681,62,"DC2","SUERC-103876","DC2-DOC-210924",267,2021,"DC2","Post-clearcut","DOC",108.6368,0.5485,NA,NA,78.16,-28.423,2021-09-24,"SUERC-102386","DC2-X301-210924","CO2",103.9158,0.477,NA,NA,4.09,-23.135,267
"6",2021-09-27,8.5,14.8,4.4,NA,7.6,0,7.7,10.1,17.8,2,2.9,9.4,"HYG",2021-09-27,3.34290943451241,3.34290943451241,"DC2","2yrPostHarvest",NA,NA,NA,NA,NA,NA,NA,NA,NA,NA,NA,NA,NA,NA,NA,NA,NA,NA,NA,NA,NA,NA,NA,NA,NA,NA,NA,NA,NA,NA,NA,NA,NA,2.45867770215142,2.48989161138253,4.58103448275862,40.8627586206897,64.7344827586207,32.5479310344828,1.56965517241379,311.315172413793,17.6868965517241,544.512655172413,30.0166589165141,1534.19868819749,1466.80724137931,1792.09788032539,45.8154978095036,3281.14125953345,333.506571654587,1142.47338051406,1790.35210833824,0.010859221968578,-12.2847149296659,-88.0672281822195,10.2104912551078,64,"DC2","SUERC-103886","DC2-DOC-210927",270,2021,"DC2","Post-clearcut","DOC",103.5627,0.5231,NA,NA,53.61,-28.407,2021-09-27,"SUERC-102393","DC2-X232-210927","CO2",104.5501,0.4789,NA,NA,4.96,-22.063,270
"7",2021-10-25,0.2,2.1,-0.9,NA,4,0.8,2.1,6.2,NA,NA,0.9,3.4,"HYG",2021-10-25,5.14833022952333,5.14833022952333,"DC2","2yrPostHarvest","DC2",4.57,39.57,63,84.97,1.9,645.68,34.17,595.49,28.331067453215,1249.59639616422,1260.72,1557.52319750547,58.9268724165118,3079.34863783479,319.045907308673,1400.98762295509,1604.08350520624,0.0111942627608335,-12.7681450418289,-91.1821571238474,1.93278642094323,2256.33468455026,NA,1.912432771148,10.9630032107838,4.57,4.81046635378075,1.93278642094323,1.91111379029789,NA,2021-10-25,173,1.91111379029789,1.93278642094323,4.57,39.57,63,84.97,1.9,645.68,34.17,595.49,28.331067453215,1249.59639616422,1260.72,1557.52319750547,58.9268724165118,3079.34863783479,319.045907308673,1400.98762295509,1604.08350520624,0.0111942627608335,-12.7681450418289,-91.1821571238474,10.9630032107838,66,"DC2","SUERC-106755","DC2-DOC-211025",298,2021,"DC2","Post-clearcut","DOC",108.5135,0.5,NA,NA,48.16,-28.654,2021-10-25,"SUERC-102402","DC2-X317-211025","CO2",105.8883,0.4634,NA,NA,4.24,-20.997,298
"8",2022-05-03,1.7,8,-6.9,FALSE,-0.5,0,NA,3.3,NA,NA,2.8,11.2,"HED",2022-05-03,3.49633141858167,3.49633141858167,"DC2","2yrPostHarvest","DC2",4.82,31.45,32.1,206.54,1.39,568.22,40.58,699.27,29,1400,908.263,1400,74,4800,500,2100,1000,0.0081,-14.5891873228943,-105.742659694555,2.12736102191292,2389.56239863011,NA,2.12712557914154,10.9708388885994,4.82,1.17966636752896,2.12734028593403,2.08929180792336,NA,2022-05-03,184,2.08929180792336,2.12734028593403,4.82,31.45,32.1,206.54,1.39,568.22,40.58,699.27,29,1400,908.263,1400,74,4800,500,2100,1000,0.0081,-14.5891873228943,-105.742659694555,10.9708388885994,67,"DC2","SUERC-105222","DC2-DOC-220503",123,2022,"DC2","Post-clearcut","DOC",106.2808,0.5047,NA,NA,23.36,-28.215,2022-05-03,"SUERC-105212","DC2-X401-220503","CO2",110.5919,0.5289,NA,NA,3.09,-21.3,123
"9",2022-08-23,11.4,20.9,0.9,TRUE,13.4,0,16.9,10,NA,NA,0.7,5,"HED",2022-08-23,1.34217864472973,1.34217864472973,"DC2","2yrPostHarvest",NA,NA,NA,NA,NA,NA,NA,NA,NA,NA,NA,NA,NA,NA,NA,NA,NA,NA,NA,NA,NA,NA,NA,NA,NA,NA,NA,NA,NA,NA,NA,NA,NA,2.42492780218569,2.46944865131156,4.73358490566038,31.4279245283019,46.8981132075472,33.2135849056604,0.896603773584906,46.3667924528302,20.0547169811321,466.877754716981,37.9245283018868,2535.84905660377,888.737056603773,2371.69811320755,66.7547169811321,6211.32075471698,705.849056603774,1073.58490566038,2064.15094339623,0.00917735849056604,-12.6382731225021,-91.4344195650775,9.67176541493937,68,"DC2","SUERC-108841","DC2-DOC-230822",235,2022,"DC2","Post-clearcut","DOC",107.5095,0.4684,NA,NA,37.9,-28.129,2022-08-23,"SUERC-108831","DC2-X408-230822","CO2",104.0137,0.4786,NA,NA,3.79,-22.593,235
"10",2022-10-24,-3.5,0.4,-9.4,TRUE,1.4,0.4,NA,4.2,NA,NA,0.3,2.5,"HED",2022-10-24,NA,NA,"DC2","2yrPostHarvest","DC2",4.82,34.54,40.6,144.08,1.08,184.7,12.86,971.526,29,2400,1250.75,2100,39,8200,670,1700,1400,0.0073,-12.3760086682958,-89.2698483808678,NA,NA,NA,NA,9.73822096549858,NA,NA,NA,NA,NA,NA,194,2.37867643402801,2.41714577404745,4.82,34.54,40.6,144.08,1.08,184.7,12.86,971.526,29,2400,1250.75,2100,39,8200,670,1700,1400,0.0073,-12.3760086682958,-89.2698483808678,9.73822096549858,69,"DC2","SUERC-109783","DC2-DOC-241022",297,2022,"DC2","Post-clearcut","DOC",106.9016,0.4658,NA,NA,36.28,-28.161,2022-10-24,"SUERC-108537","DC2-X229-241022","CO2",102.7119,0.4809,NA,NA,1.94,-23.225,297
"11",2020-03-12,-0.6,2.1,-3,NA,0.8,0,5.9,6.3,NA,NA,1.9,9.5,"HYG",2020-03-12,1.0671745625841,1.0671745625841,"DC3","PreDisturbance",NA,NA,NA,NA,NA,NA,NA,NA,NA,NA,NA,NA,NA,NA,NA,NA,NA,NA,NA,NA,NA,NA,NA,NA,NA,NA,NA,NA,NA,NA,NA,NA,NA,1.352637985478,1.43198786739115,5.33714285714286,31.6085714285714,11.3028571428571,46.15,0.282566666666667,6.51857142857143,1.89285714285714,2708.60428571429,11.2530925162677,2047.04026805218,836.250285714286,2116.64461666623,22.2362386949561,5788.77220985898,734.102157345679,389.478170541578,386.985813402236,0.00268562879846406,-13.1074824798099,-95.3515121279748,9.50834771050471,70,"DC3","SUERC-95053","DC3-DOC-200312",72,2020,"DC3","Pre-cleaned","DOC",98.0036,0.4469,162,37,7.79,-29.209,2020-03-13,"SUERC-93725","DC3-X263-200312","CO2",101.0574,0.4631,NA,NA,5.87,-21.168,73
"12",2020-04-27,0.7,3.6,-2.8,NA,0.5,0,11.3,4.6,26,NA,2.3,6.5,"HYG",2020-04-27,8.18496458995686,8.18496458995686,"DC3","PreDisturbance",NA,NA,NA,NA,NA,NA,NA,NA,NA,NA,NA,NA,NA,NA,NA,NA,NA,NA,NA,NA,NA,NA,NA,NA,NA,NA,NA,NA,NA,NA,NA,NA,NA,1.3579167631815,1.38817193139945,4.92,30,17.5233333333334,30.635,0.387425,9.4,1.5375,1525.8875,16.70453745533,1312.99497976465,603.66975,1546.96630777664,21.288205644501,4006.72109197487,559.103210015055,416.339951151177,443.980649025739,0.00483084307019617,-13.8479233840892,-101.566654997981,9.2167320747326,71,"DC3","SUERC-97980","DC3-DOC-200427",118,2020,"DC3","Pre-cleaned","DOC",105.7558,0.4845,NA,NA,13.3,-28.357,NA,NA,NA,NA,NA,NA,NA,NA,NA,NA,NA
"13",2020-08-27,7.8,16.3,1.3,NA,10.7,0,15.7,9,35.5,6.8,2,6.7,"HYG",2020-08-27,0.339948158492044,0.339948158492044,"DC3","PostHarvest",NA,NA,NA,NA,NA,NA,NA,NA,NA,NA,NA,NA,NA,NA,NA,NA,NA,NA,NA,NA,NA,NA,NA,NA,NA,NA,NA,NA,NA,NA,NA,NA,NA,2.53192368643892,2.65659083051172,5.15857142857143,32.1428571428571,37.5192857142857,7.37785714285714,0.696057142857143,8.28857142857143,5.16571428571428,622.3214,70.1913599718238,2225.57665150013,664.9696,2077.48114499511,66.087112802229,6213.9428945581,677.657696576462,875.955675105233,1614.70098269361,0.0056331959525731,-12.8333651894605,-93.4400244798166,9.22689703586725,72,"DC3","SUERC-97979","DC3-DOC-200827",240,2020,"DC3","Pre-cleaned","DOC",104.6028,0.4558,NA,NA,23.8,-27.766,2020-08-27,"SUERC-95189","DC3-X316-200827","CO2",105.3166,0.4837,NA,NA,6.09,-22.38,240
"14",2020-10-20,-4.4,0,-7.8,NA,4.8,0,3.9,4.7,NA,-1.8,1.7,5.4,"HYG",2020-10-20,2.16946123071916,2.16946123071916,"DC3","PostHarvest",NA,NA,NA,NA,NA,NA,NA,NA,NA,NA,NA,NA,NA,NA,NA,NA,NA,NA,NA,NA,NA,NA,NA,NA,NA,NA,NA,NA,NA,NA,NA,NA,NA,1.60572985758965,1.63853264933939,4.84142857142857,36.9285714285714,28.8714285714286,33.3657142857143,0.58,16.4928571428571,4.11071428571429,834.838082352941,27.4525588716386,1864.25920629678,1020.28197647059,2022.66726382853,37.3056767936261,5688.77158831961,720.295531770227,1109.53360905379,1034.84636935395,0.00680946924787435,-12.9474195440329,-94.1476967698322,9.43165958243136,73,"DC3","SUERC-100406","DC3-DOC-201020",294,2020,"DC3","Pre-cleaned","DOC",104.6569,0.4914,NA,NA,17.66,-28.738,2020-10-20,"SUERC-100385","DC3-X258-201020","CO2",102.9896,0.4864,NA,NA,3.67,-21.223,294
"15",2021-04-30,1.8,6.1,-2.7,NA,0.8,0,18.1,3.7,39.7,3.2,3.8,11.5,"HYG",2021-04-30,7.87394685935212,7.87394685935212,"DC3","PostHarvest",NA,NA,NA,NA,NA,NA,NA,NA,NA,NA,NA,NA,NA,NA,NA,NA,NA,NA,NA,NA,NA,NA,NA,NA,NA,NA,NA,NA,NA,NA,NA,NA,NA,1.50333812151351,1.53626718387721,4.852,29.124,24.56,63.952,0.742,42.724,2.978,897.598799999998,15.039152750399,1121.7792338164,770.3736,1316.49684491859,25.7790054886183,2397.85885813703,412.355866396641,839.054205924188,552.093715706097,0.00775214659676003,-14.6415692506799,-106.816204436227,10.3163495692117,74,"DC3","SUERC-102776","DC3-DOC-210430",120,2021,"DC3","Pre-cleaned","DOC",107.9605,0.4949,NA,NA,19,-28.298,2021-04-30,"SUERC-100394","DC3-X409-210430","CO2",103.5562,0.488,NA,NA,4.45,-21.781,120
"16",2021-08-20,12.8,18.5,8.9,NA,12.9,0.2,9.9,12.9,23.3,4,3,8.7,"HYG",2021-08-20,4.66780840563598,4.66780840563598,"DC3","PostHarvest",NA,NA,NA,NA,NA,NA,NA,NA,NA,NA,NA,NA,NA,NA,NA,NA,NA,NA,NA,NA,NA,NA,NA,NA,NA,NA,NA,NA,NA,NA,NA,NA,NA,2.37320561769202,2.39813250317699,4.44285714285714,53.1028571428571,74.5428571428571,416.948571428571,2.22285714285714,361.518571428571,10.3228571428571,719.106142857142,56.5803229123422,1255.85374286314,1300.06142857143,2534.14532328526,46.262993053626,2303.02526668034,378.93277224776,1795.39334902996,2144.31341363178,0.0199105003314888,-11.868327887413,-85.438644975773,9.50797812353068,75,"DC3","SUERC-102376","DC3-DOC-210820",232,2021,"DC3","Pre-cleaned","DOC",107.2373,0.4917,NA,NA,34.59,-28.486,2021-08-20,"SUERC-102366","DC3-X403-210820","CO2",103.4916,0.4758,NA,NA,4.32,-21.178,232
"17",2021-09-24,5.9,6.3,5.2,NA,7.9,10.1,1.2,9.3,3.4,0.3,2.3,5.9,"HYG",2021-09-24,13.8256618629167,13.8256618629167,"DC3","PostDrainage",NA,NA,NA,NA,NA,NA,NA,NA,NA,NA,NA,NA,NA,NA,NA,NA,NA,NA,NA,NA,NA,NA,NA,NA,NA,NA,NA,NA,NA,NA,NA,NA,NA,1.68720038990098,1.7302435959761,4.89034482758621,34.1858620689655,40.1551724137931,101.585517241379,1.11620689655172,175.28275862069,5.60655172413793,842.152517241379,26.8327896096343,1360.37805146804,1324.06103448276,1698.64371790253,26.7288892136114,2925.31522703686,309.49882206264,1102.29472241126,1547.22982592861,0.00798827584773922,-12.5468881050619,-90.2692128222208,10.1058920182745,76,"DC3","SUERC-103877","DC3-DOC-210924",267,2021,"DC3","Post-cleaned","DOC",107.705,0.5214,NA,NA,53.26,-28.413,2021-09-24,"SUERC-102387","DC3-X85-210924","CO2",102.7906,0.448,NA,NA,5.06,-23.156,267
"18",2021-09-28,7.8,10.2,4.4,NA,7.6,0,3.2,9.5,7.9,0.8,3.5,9.1,"HYG",2021-09-28,3.53067763340898,3.53067763340898,"DC3","PostDrainage",NA,NA,NA,NA,NA,NA,NA,NA,NA,NA,NA,NA,NA,NA,NA,NA,NA,NA,NA,NA,NA,NA,NA,NA,NA,NA,NA,NA,NA,NA,NA,NA,NA,1.59411154021636,1.63546947811055,4.90137931034483,34.0934482758621,39.5206896551724,103.642068965517,1.1148275862069,189.851034482759,5.73620689655172,875.289068965517,26.1951122150609,1346.51306220271,1296.53413793103,1675.7315718521,26.7239873937404,2897.0570136451,310.518549069692,1076.59554247801,1459.07640682794,0.00767973588193073,-12.5051033716582,-89.810790860133,10.2300361131325,78,"DC3","SUERC-103888","DC3-DOC-210928",271,2021,"DC3","Post-cleaned","DOC",106.3029,0.5363,NA,NA,34.63,-28.306,2021-09-28,"SUERC-102394","DC3-X312-210928","CO2",102.4341,0.4702,NA,NA,5.34,-22.135,271
"19",2021-10-25,0.2,2.1,-0.9,NA,4,0.8,2.1,6.2,NA,NA,0.9,3.4,"HYG",2021-10-25,6.25050440331745,6.25050440331745,"DC3","PostDrainage","DC3",4.92,32.05,36.6,136.57,1.23,353.28,8.14,899.665,23.7048355228012,1045.05691177027,1085.89,1475.76228749942,23.2535297373324,2639.83305368645,271.787392723307,958.036105107639,1031.09928287112,0.00796830530137103,-12.9383464120485,-92.3308793320721,1.16668765833873,1344.58857685684,1.77762961799864,1.13965152231165,11.1758919643159,4.92,4.73155771546695,1.16668765833873,1.13797314498156,1.77762961799864,2021-10-25,283,1.13797314498156,1.16668765833873,4.92,32.05,36.6,136.57,1.23,353.28,8.14,899.665,23.7048355228012,1045.05691177027,1085.89,1475.76228749942,23.2535297373324,2639.83305368645,271.787392723307,958.036105107639,1031.09928287112,0.00796830530137103,-12.9383464120485,-92.3308793320721,11.1758919643159,80,"DC3","SUERC-106756","DC3-DOC-211025",298,2021,"DC3","Post-cleaned","DOC",106.9909,0.4926,NA,NA,27.44,-28.51,2021-10-25,"SUERC-102403","DC3-X286-211025","CO2",109.5768,0.5051,NA,NA,3.49,-20.619,298
"20",2022-05-03,1.7,8,-6.9,FALSE,-0.5,0,NA,3.3,NA,NA,2.8,11.2,"HED",2022-05-03,5.21446593098341,5.21446593098341,"DC3","PostDrainage","DC3",5.2,27.17,17.9,347.51,1.1,393.16,5.54,1102.78,22,1400,796.431,1400,20,4600,510,1600,670,0.004,NA,NA,1.21173475779245,1432.38049124052,NA,1.21159938926173,NA,5.2,2.50148423416696,1.21172294667713,1.15929992138338,NA,2022-05-03,295,1.15929992138338,1.21172294667713,5.2,27.17,17.9,347.51,1.1,393.16,5.54,1102.78,22,1400,796.431,1400,20,4600,510,1600,670,0.004,-14.3486140843702,-103.970166166783,10.8187465081784,81,"DC3","SUERC-105223","DC3-DOC-220503",123,2022,"DC3","Post-cleaned","DOC",105.9709,0.5039,NA,NA,14.17,-28.176,2022-05-03,"SUERC-105213","DC3-X286-220503","CO2",105.3772,0.4787,NA,NA,2.58,-19.883,123
"21",2022-08-23,11.4,20.9,0.9,TRUE,13.4,0,16.9,10,NA,NA,0.7,5,"HED",2022-08-23,0.458560994638269,0.458560994638269,"DC3","PostDrainage",NA,NA,NA,NA,NA,NA,NA,NA,NA,NA,NA,NA,NA,NA,NA,NA,NA,NA,NA,NA,NA,NA,NA,NA,NA,NA,NA,NA,NA,NA,NA,NA,NA,1.50834134315366,1.66450652114419,5.43857142857143,26.2639285714286,24.25,14.6578571428571,0.519285714285714,17.2921428571429,2.73642857142857,887.821464285714,20.8928571428571,2300,840.383107142856,2064.28571428571,18.3214285714286,5167.85714285714,669.642857142857,1264.28571428571,1132.14285714286,0.0052,-12.6729495999545,-92.2802245452882,9.10337225434767,82,"DC3","SUERC-108842","DC3-DOC-230822",235,2022,"DC3","Post-cleaned","DOC",105.3299,0.4817,NA,NA,21.4,-26.513,2022-08-23,"SUERC-108832","DC3-X356-230822","CO2",102.8038,0.4726,NA,NA,3.18,-23,235
"22",2022-10-25,1.2,3.2,-1.5,TRUE,1.2,4.2,NA,6.3,NA,NA,0.8,4.6,"HED",2022-10-25,NA,NA,"DC3","PostDrainage",NA,NA,NA,NA,NA,NA,NA,NA,NA,NA,NA,NA,NA,NA,NA,NA,NA,NA,NA,NA,NA,NA,NA,NA,NA,NA,NA,NA,NA,NA,NA,NA,NA,1.35181175354409,1.42382696333985,5.49733333333333,30.6866666666667,19.4466666666667,259.279333333333,0.706666666666667,38.5433333333333,2.166,1384.09066666667,22.3333333333333,2293.33333333333,1057.62866666666,2313.33333333333,15.0666666666667,7220,775.333333333333,1413.33333333333,848,0.00284666666666667,-12.7294317429903,-92.0750661494381,9.76038779448396,83,"DC3","SUERC-109784","DC3-DOC-251022",298,2022,"DC3","Post-cleaned","DOC",104.7271,0.4788,NA,NA,17.23,-27.496,2022-10-25,"SUERC-108538","DC3-X233-251022","CO2",99.1546,0.4627,68,37,1.93,-18.231,298
"23",2020-03-12,-0.6,2.1,-3,NA,0.8,0,5.9,6.3,NA,NA,1.9,9.5,"HYG",2020-03-12,6.19923522198146,6.19923522198146,"DC4","PreDisturbance",NA,NA,NA,NA,NA,NA,NA,NA,NA,NA,NA,NA,NA,NA,NA,NA,NA,NA,NA,NA,NA,NA,NA,NA,NA,NA,NA,NA,NA,NA,NA,NA,NA,5.20304909106763,5.22471735685874,4.17857142857143,50.68,29.2028571428572,37.63,0.639714285714286,53.8171428571429,1.06428571428571,2128.18428571429,11.0612223495246,1718.83029787213,875.084714285714,1583.25173144095,21.2036316337618,5824.48015954913,489.24476848758,166.010601774641,1855.30196110731,0.00328414183175541,-12.8587715394579,-93.4376881583674,9.43248415729605,84,"DC4","SUERC-95054","DC4-DOC-200312",72,2020,"DC4","Pre-clearcut","DOC",104.3573,0.4768,NA,NA,24.83,-28.502,2020-03-12,"SUERC-93726","DC4-X302-200312","CO2",99.2687,0.4564,59,37,7.94,-23.135,72
"24",2020-04-27,0.7,3.6,-2.8,NA,0.5,0,11.3,4.6,26,NA,2.3,6.5,"HYG",2020-04-27,0.773510146488744,0.773510146488744,"DC4","PreDisturbance","DC4",3.96,60,34.3933333333333,23.39,0.673033333333334,22.22,2.31,1718.15,8.60907398815709,1353.21280946985,641.567,1170.07787462885,25.6412188364212,3874.99377775654,365.308919631206,184.751375225508,1496.80266617335,0.00584437455841555,NA,NA,3.8683692670871,4290.39821673647,2.14923433820543,3.85847075653643,NA,3.96,0.917925408758852,3.86833156101716,3.85842762662018,2.14923433820544,2020-04-27,355,3.85842762662018,3.86833156101716,3.96,60,34.3933333333333,23.39,0.673033333333334,22.22,2.31,1718.15,8.60907398815709,1353.21280946985,641.567,1170.07787462885,25.6412188364212,3874.99377775654,365.308919631206,184.751375225508,1496.80266617335,0.00584437455841555,-13.7121255828564,-100.091850154432,9.6051545084193,85,"DC4","SUERC-97985","DC4-DOC-200427",118,2020,"DC4","Pre-clearcut","DOC",105.5294,0.4826,NA,NA,27.6,-28.385,NA,NA,NA,NA,NA,NA,NA,NA,NA,NA,NA
"25",2020-08-28,9,16.7,3.4,NA,10.6,0,12.1,9.6,27,6,1.2,3.8,"HYG",2020-08-28,0.0603222831178565,0.0603222831178565,"DC4","PostHarvest",NA,NA,NA,NA,NA,NA,NA,NA,NA,NA,NA,NA,NA,NA,NA,NA,NA,NA,NA,NA,NA,NA,NA,NA,NA,NA,NA,NA,NA,NA,NA,NA,NA,19.023011107577,19.0854028945121,3.98285714285714,61.4285714285714,239.971428571429,12.1271428571429,4.13185714285714,95.4385714285714,1.89714285714286,385.446670588235,19.6429964416665,1894.05662288735,1055.14559999999,3453.57851405157,78.9110512602964,7441.7634756479,687.210661066881,92.276456552292,39453.5553338359,0.0221313649352145,-12.8792592285798,-92.7901982069342,10.2438756217038,86,"DC4","SUERC-97981","DC4-DOC-200828",241,2020,"DC4","Post-clearcut","DOC",105.4042,0.4829,NA,NA,193.1,-28.21,2020-08-28,"SUERC-95190","DC4-X302-200828","CO2",102.2584,0.4691,NA,NA,4.34,-22.538,241
"26",2020-10-20,-4.4,0,-7.8,NA,4.8,0,3.9,4.7,NA,-1.8,1.7,5.4,"HYG",2020-10-20,0.990863219821387,0.990863219821387,"DC4","PostHarvest",NA,NA,NA,NA,NA,NA,NA,NA,NA,NA,NA,NA,NA,NA,NA,NA,NA,NA,NA,NA,NA,NA,NA,NA,NA,NA,NA,NA,NA,NA,NA,NA,NA,4.21141047061917,4.22350152132376,3.98428571428571,59.4285714285714,49.4714285714286,8.80285714285714,0.832142857142857,10.9821428571429,1.04,595.690811764706,10.5907491564049,1632.89118451735,790.103199999998,1549.34258810325,36.5492588858635,4460.92181213197,415.899347719526,325.1671067757,3262.52434959615,0.00925435248872638,-12.6636653660478,-91.8622608387199,9.4470620896626,87,"DC4","SUERC-100407","DC4-DOC-201020",294,2020,"DC4","Post-clearcut","DOC",105.8008,0.4984,NA,NA,37.04,-28.581,2020-10-20,"SUERC-100386","DC4-X241-201021","CO2",100.0343,0.4724,NA,NA,4,-23.711,294
"27",2021-04-30,1.8,6.1,-2.7,NA,0.8,0,18.1,3.7,39.7,3.2,3.8,11.5,"HYG",2021-04-30,6.89066691870487,6.89066691870487,"DC4","PostHarvest",NA,NA,NA,NA,NA,NA,NA,NA,NA,NA,NA,NA,NA,NA,NA,NA,NA,NA,NA,NA,NA,NA,NA,NA,NA,NA,NA,NA,NA,NA,NA,NA,NA,2.80257204422814,2.81488420101532,4.168,40.418,38.3,29.388,0.698,47.886,3,765.7206,9.41262328105991,966.006082582306,678.4504,913.552000830623,24.4165652147775,2061.85102348428,193.399256406644,558.214251276611,1534.47806522679,0.008676322255615,-14.5373137538693,-105.907015929844,10.3914941011105,88,"DC4","SUERC-102780","DC4-DOC-210430",120,2021,"DC4","Post-clearcut","DOC",106.8456,0.4655,NA,NA,31,-28.284,2021-04-30,"SUERC-100395","DC4-X404-210430","CO2",102.019,0.4581,NA,NA,4.75,-21.628,120
"28",2021-08-20,12.8,18.5,8.9,NA,12.9,0.2,9.9,12.9,23.3,4,3,8.7,"HYG",2021-08-20,4.93206948732741,4.93206948732741,"DC4","PostHarvest",NA,NA,NA,NA,NA,NA,NA,NA,NA,NA,NA,NA,NA,NA,NA,NA,NA,NA,NA,NA,NA,NA,NA,NA,NA,NA,NA,NA,NA,NA,NA,NA,NA,3.77945941446618,3.79154965614984,3.93714285714286,70.0342857142857,104.657142857143,59.2528571428571,2.48714285714286,480.997142857143,2.84428571428571,395.975714285714,28.5021608392525,1107.54058960353,1369.07999999999,1897.9693662044,41.3081103576931,1863.31683930017,311.101207057243,1248.97216870086,4809.08140747881,0.0220860804505444,-11.787927450933,-84.4574962532472,9.84592335421661,89,"DC4","SUERC-102377","DC4-DOC-210820",232,2021,"DC4","Post-clearcut","DOC",108.4283,0.4955,NA,NA,47.4,-28.362,2021-08-20,"SUERC-102367","DC4-X413-210820","CO2",103.6522,0.4756,NA,NA,5.43,-23.407,232
"29",2021-09-24,5.9,6.3,5.2,NA,7.9,10.1,1.2,9.3,3.4,0.3,2.3,5.9,"HYG",2021-09-24,24.6573527247558,24.6573527247558,"DC4","2yrPostHarvest",NA,NA,NA,NA,NA,NA,NA,NA,NA,NA,NA,NA,NA,NA,NA,NA,NA,NA,NA,NA,NA,NA,NA,NA,NA,NA,NA,NA,NA,NA,NA,NA,NA,4.07659911672019,4.09074828424739,4.0151724137931,63.9355172413793,112.168965517241,20.6341379310345,2.93448275862069,679.748275862069,3.35655172413793,332.468137931034,19.3615783280914,1087.05152100834,1750.34862068966,1723.66318960704,35.9781293013303,2389.68223345367,303.980894853175,1202.04848400215,6393.73948882978,0.014055639562589,-12.2013591817927,-87.3508852809623,10.2599881733795,90,"DC4","SUERC-103878","DC4-DOC-210924",267,2021,"DC4","Post-clearcut","DOC",108.4774,0.5481,NA,NA,82.99,-28.479,2021-09-24,"SUERC-102388","DC4-X234-210924","CO2",100.0606,0.4598,NA,NA,3.99,-24.461,267
"30",2021-09-27,8.5,14.8,4.4,NA,7.6,0,7.7,10.1,17.8,2,2.9,9.4,"HYG",2021-09-27,3.34290943451241,3.34290943451241,"DC4","2yrPostHarvest",NA,NA,NA,NA,NA,NA,NA,NA,NA,NA,NA,NA,NA,NA,NA,NA,NA,NA,NA,NA,NA,NA,NA,NA,NA,NA,NA,NA,NA,NA,NA,NA,NA,3.91439677219127,3.92804655686059,4.01931034482759,63.7379310344828,111.124137931034,20.8534482758621,2.92206896551724,709.796896551724,3.48379310344828,348.233448275862,18.938604684511,1057.98331744404,1715.33551724138,1675.74597101969,36.1330260038385,2314.12188376982,292.254165707225,1244.39057444917,6158.16126173779,0.0136208410817619,-12.1525481929659,-86.8750338695898,10.3453516741376,91,"DC4","SUERC-103887","DC4-DOC-210927",270,2021,"DC4","Post-clearcut","DOC",106.4011,0.5153,NA,NA,88.65,-28.216,2021-09-27,"SUERC-102395","DC4-X229-210927","CO2",100.2969,0.4611,NA,NA,4.66,-24.311,270
"31",2021-10-26,0,2.1,-1.4,NA,3.9,2,1.7,6.1,NA,NA,1.2,4.3,"HYG",2021-10-26,4.40957068908545,4.40957068908545,"DC4","2yrPostHarvest",NA,NA,NA,NA,NA,NA,NA,NA,NA,NA,NA,NA,NA,NA,NA,NA,NA,NA,NA,NA,NA,NA,NA,NA,NA,NA,NA,NA,NA,NA,NA,NA,NA,2.934690911271,2.9464832227492,4.11,51.6725,83.725,32.023125,2.554375,991.566875,4.85625,525.904374999999,15.2504293414137,841.018976076398,1418.47625,1135.74256450487,30.9301778994408,1962.46544569783,195.895568271987,1212.96069655729,3718.24634835395,0.0128613194213246,-12.6624000464277,-90.1942575745547,11.1049427968669,92,"DC4","SUERC-106757","DC4-DOC-211026",299,2021,"DC4","Post-clearcut","DOC",107.4162,0.4951,NA,NA,87.72,-28.45,2021-10-26,"SUERC-102404","DC4-X115-211026","CO2",114.5804,0.5048,NA,NA,3.75,-22.576,299
"32",2022-05-03,1.7,8,-6.9,FALSE,-0.5,0,NA,3.3,NA,NA,2.8,11.2,"HED",2022-05-03,3.49633141858167,3.49633141858167,"DC4","2yrPostHarvest","DC4",4.38,42.6,50.1,163.17,2.76,1617.5,7.75,808.694,17,900,965.587,900,42,3300,310,2200,3100,0.012,-14.9531910803413,-108.138498817731,3.73180704436254,4094.09460821252,3.43450611559568,3.73139579675638,11.4870298249994,4.38,0.57800163235806,3.73177066940253,3.70748067069332,3.43450611559569,2022-05-03,404,3.70748067069332,3.73177066940253,4.38,42.6,50.1,163.17,2.76,1617.5,7.75,808.694,17,900,965.587,900,42,3300,310,2200,3100,0.012,-14.9531910803413,-108.138498817731,11.4870298249994,93,"DC4","SUERC-105224","DC4-DOC-220503",123,2022,"DC4","Post-clearcut","DOC",106.9287,0.5071,NA,NA,43.6,-28.173,2022-05-03,"SUERC-105214","DC4-X297-220503","CO2",101.5382,0.4838,NA,NA,3.17,-22.674,123
"33",2022-08-23,11.4,20.9,0.9,TRUE,13.4,0,16.9,10,NA,NA,0.7,5,"HED",2022-08-23,1.34217864472973,1.34217864472973,"DC4","2yrPostHarvest",NA,NA,NA,NA,NA,NA,NA,NA,NA,NA,NA,NA,NA,NA,NA,NA,NA,NA,NA,NA,NA,NA,NA,NA,NA,NA,NA,NA,NA,NA,NA,NA,NA,3.99787137924304,4.01471314095149,4.10103092783505,57.7642268041237,89.6742268041237,24.119793814433,2.73896907216495,990.522783505155,4.30185567010309,468.708567010309,23,1594.84536082474,1367.68453608247,1994.84536082474,44.1443298969072,5293.81443298969,607.938144329897,2035.05154639175,6769.07216494845,0.0136494845360825,-12.9029574707257,-93.3485444939765,9.87511527182883,94,"DC4","SUERC-108843","DC4-DOC-230822",235,2022,"DC4","Post-clearcut","DOC",107.2076,0.49,NA,NA,70.2,-28.103,2022-08-23,"SUERC-108833","DC4-X297-230822","CO2",101.6998,0.4431,NA,NA,4.32,-23.894,235
"34",2022-10-25,1.2,3.2,-1.5,TRUE,1.2,4.2,NA,6.3,NA,NA,0.8,4.6,"HED",2022-10-25,NA,NA,"DC4","2yrPostHarvest",NA,NA,NA,NA,NA,NA,NA,NA,NA,NA,NA,NA,NA,NA,NA,NA,NA,NA,NA,NA,NA,NA,NA,NA,NA,NA,NA,NA,NA,NA,NA,NA,NA,3.39564138100295,3.40836454498611,4.12933333333333,56.0773333333333,80.6533333333333,18.4946666666667,2.66533333333333,1126.34066666667,4.51,462.901866666666,14.8666666666667,1586.66666666667,1550.08066666667,1586.66666666667,34.4666666666667,5680,496,1980,5046.66666666667,0.011,-12.2139839985002,-88.0975754096322,9.61429657836949,95,"DC4","SUERC-109785","DC4-DOC-251022",298,2022,"DC4","Post-clearcut","DOC",106.5556,0.4869,NA,NA,72.6,-28.119,2022-10-25,"SUERC-108539","DC4-X85-251022","CO2",99.8354,0.4451,13,36,3.53,-23.927,298
"35",2020-03-12,-0.6,2.1,-3,NA,0.8,0,5.9,6.3,NA,NA,1.9,9.5,"HYG",2020-03-12,1.0671745625841,1.0671745625841,"DC1","PreDisturbance",NA,NA,NA,NA,NA,NA,NA,NA,NA,NA,NA,NA,NA,NA,NA,NA,NA,NA,NA,NA,NA,NA,NA,NA,NA,NA,NA,NA,NA,NA,NA,NA,NA,1.68254039189592,1.74060422725541,5.10571428571429,30.1071428571429,12.2690476190476,4.59857142857143,0.217428571428572,3.13142857142857,0.76,1719.45224489796,3.23654617188528,2065.06963870882,1034.54204081633,1273.28674561613,23.9517745445741,5278.83225498494,578.979606102931,294.588604667479,273.622440525337,0.0038292501041266,-13.0345687929301,-94.49549314838,9.78105719506044,43,"DC1","SUERC-95055","DC1-DOC-200312",72,2020,"DC1","Pre-cleaned","DOC",103.4819,0.4508,NA,NA,9.63,-29.277,2020-03-12,"SUERC-93727","DC1-X250-200312","CO2",104.1359,0.4796,NA,NA,5.6,-22.621,72
"36",2020-04-27,0.7,3.6,-2.8,NA,0.5,0,11.3,4.6,26,NA,2.3,6.5,"HYG",2020-04-27,8.18496458995686,8.18496458995686,"DC1","PreDisturbance","DC1",5.01,30,21.0866666666667,8.83,0.357633333333333,4.73,2.33,1297.3,5.81411096285322,1839.50714408667,818.275,1445.92287219983,21.1679971372604,4339.87879591811,536.359933086924,179.9175738102,420.24280359151,0.00724208624793573,-13.4264674879568,-98.0938299966435,1.41801424886612,1524.77856240429,NA,1.37964844678115,9.31790990701089,5.01,0.76263957360217,1.4180004270873,1.3796134046715,NA,2020-04-27,19,1.3796134046715,1.4180004270873,5.01,30,21.0866666666667,8.83,0.357633333333333,4.73,2.33,1297.3,5.81411096285322,1839.50714408667,818.275,1445.92287219983,21.1679971372604,4339.87879591811,536.359933086924,179.9175738102,420.24280359151,0.00724208624793573,-13.4264674879568,-98.0938299966435,9.31790990701089,44,"DC1","SUERC-97977","DC1-DOC-200427",118,2020,"DC1","Pre-cleaned","DOC",106.7935,0.4905,NA,NA,16.3,-28.992,NA,NA,NA,NA,NA,NA,NA,NA,NA,NA,NA
"37",2020-08-28,9,16.7,3.4,NA,10.6,0,12.1,9.6,27,6,1.2,3.8,"HYG",2020-08-28,0.234334683475189,0.234334683475189,"DC1","PostHarvest",NA,NA,NA,NA,NA,NA,NA,NA,NA,NA,NA,NA,NA,NA,NA,NA,NA,NA,NA,NA,NA,NA,NA,NA,NA,NA,NA,NA,NA,NA,NA,NA,NA,2.47967787458119,2.6038845252163,5.16571428571429,30,28.7176190476191,7.09,0.479076190476191,6.65857142857143,4.48428571428571,534.884164705882,3.08528593975054,2005.8562236284,1129.34717647059,1176.01538979344,39.2506612415144,5186.86618528519,401.661584354083,769.300655749791,959.516131426125,0.00516855116722874,-12.8590279316323,-93.6576092502314,9.21461420282672,45,"DC1","SUERC-97976","DC1-DOC-200828",241,2020,"DC1","Pre-cleaned","DOC",106.2626,0.4884,NA,NA,13.6,-28.932,2020-08-28,"SUERC-95188","DC1-X250-200828","CO2",102.8331,0.4713,NA,NA,4.86,-22.962,241
"38",2020-10-20,-4.4,0,-7.8,NA,4.8,0,3.9,4.7,NA,-1.8,1.7,5.4,"HYG",2020-10-20,2.16946123071916,2.16946123071916,"DC1","PostHarvest",NA,NA,NA,NA,NA,NA,NA,NA,NA,NA,NA,NA,NA,NA,NA,NA,NA,NA,NA,NA,NA,NA,NA,NA,NA,NA,NA,NA,NA,NA,NA,NA,NA,1.56755614970845,1.60500977829727,4.90214285714286,33.4285714285714,31.8,6.925,0.586428571428571,7.12214285714286,6.12142857142857,603.761094117647,26.6589390791397,1862.87601996388,1355.29552941176,1485.14473842135,42.6965494076686,5200.52527999891,590.143545734679,1679.2963136025,842.147689868702,0.00969122508846365,-12.9063621754066,-93.3663189967789,9.88457840647387,46,"DC1","SUERC-100404","DC1-DOC-201020",294,2020,"DC1","Pre-cleaned","DOC",104.0419,0.4959,NA,NA,21.91,-28.776,2020-10-20,"SUERC-100383","DC1-X341-201020","CO2",103.537,0.4663,NA,NA,3.16,-20.93,294
"39",2021-04-30,1.8,6.1,-2.7,NA,0.8,0,18.1,3.7,39.7,3.2,3.8,11.5,"HYG",2021-04-30,7.87394685935212,7.87394685935212,"DC1","PostHarvest",NA,NA,NA,NA,NA,NA,NA,NA,NA,NA,NA,NA,NA,NA,NA,NA,NA,NA,NA,NA,NA,NA,NA,NA,NA,NA,NA,NA,NA,NA,NA,NA,NA,1.45004198677818,1.49424531403552,4.995,25.6075,22.5875,87.97,0.625,104.82625,8.035,814.371125,14.6397042757086,1126.46739843593,1092.8795,916.058936852318,32.4489865001734,2396.42820853177,229.507593102708,1056.83784533729,433.899132211267,0.00930805835083233,-14.7171044534624,-107.393936302081,10.3428993256184,47,"DC1","SUERC-102774","DC1-DOC-210430",120,2021,"DC1","Pre-cleaned","DOC",109.6935,0.5022,NA,NA,20.6,-28.2,2021-04-30,"SUERC-100392","DC1-X400-210430","CO2",105.7166,0.4753,NA,NA,3.64,-21.863,120
"40",2021-08-20,12.8,18.5,8.9,NA,12.9,0.2,9.9,12.9,23.3,4,3,8.7,"HYG",2021-08-20,4.66780840563598,4.66780840563598,"DC1","PostHarvest",NA,NA,NA,NA,NA,NA,NA,NA,NA,NA,NA,NA,NA,NA,NA,NA,NA,NA,NA,NA,NA,NA,NA,NA,NA,NA,NA,NA,NA,NA,NA,NA,NA,1.84618482186211,1.87086178038903,4.57076923076923,42.8607692307692,66.3846153846154,69.5176923076923,1.3,26.1230769230769,14.08,357.750538461538,59.7267713812424,1279.35519896717,1270.45615384615,2693.73887379441,85.8687004234194,3055.3238438704,434.571936945505,2372.11190927552,2151.91319926549,0.0359438040079118,-11.6779746763221,-84.0044180706218,9.41937933995515,49,"DC1","SUERC-102374","DC1-DOC-210820",232,2021,"DC1","Pre-cleaned","DOC",107.8924,0.4701,NA,NA,31.89,-28.834,2021-08-20,"SUERC-102364","DC1-X408-210820","CO2",107.9113,0.496,NA,NA,4.43,-20.627,232
"41",2021-09-24,5.9,6.3,5.2,NA,7.9,10.1,1.2,9.3,3.4,0.3,2.3,5.9,"HYG",2021-09-24,13.8256618629167,13.8256618629167,"DC1","PostDrainage",NA,NA,NA,NA,NA,NA,NA,NA,NA,NA,NA,NA,NA,NA,NA,NA,NA,NA,NA,NA,NA,NA,NA,NA,NA,NA,NA,NA,NA,NA,NA,NA,NA,1.53059842772405,1.58829866312477,5.06758620689655,29.2103448275862,35.251724137931,65.8413793103448,0.817586206896552,79.4768965517241,9.87655172413793,500.265172413793,26.4928771018709,1328.91260227949,1441.62896551724,1369.55858696794,31.8347048159762,2830.26299494249,264.498999418987,1259.77875845734,1190.77484727636,0.00604179600361257,-12.522680857617,-89.9402914378914,10.241155423045,50,"DC1","SUERC-103875","DC1-DOC-210924",267,2021,"DC1","Post-cleaned","DOC",109.0089,0.5501,NA,NA,41.58,-28.741,2021-09-24,"SUERC-102385","DC1-X402-210924","CO2",104.1309,0.4783,NA,NA,4.49,-22.778,267
"42",2021-09-27,8.5,14.8,4.4,NA,7.6,0,7.7,10.1,17.8,2,2.9,9.4,"HYG",2021-09-27,3.92537762735835,3.92537762735835,"DC1","PostDrainage",NA,NA,NA,NA,NA,NA,NA,NA,NA,NA,NA,NA,NA,NA,NA,NA,NA,NA,NA,NA,NA,NA,NA,NA,NA,NA,NA,NA,NA,NA,NA,NA,NA,1.53346657091914,1.59125853123246,5.06965517241379,29.2486206896552,34.9931034482759,81.5044827586207,0.849655172413793,96.8324137931035,10.6937931034483,521.206310344828,26.3648381446446,1322.21273240825,1438.87413793103,1354.09834030789,32.7972876689307,2807.73429087071,263.479164782397,1282.64143483737,1152.4145776897,0.0062104990294265,-12.4792029805806,-89.5258085416206,10.3078153030243,52,"DC1","SUERC-103885","DC1-DOC-210927",270,2021,"DC1","Post-cleaned","DOC",105.3721,0.5318,NA,NA,31.11,-28.53,2021-09-27,"SUERC-102392","DC1-X297-210927","CO2",105.2227,0.4834,NA,NA,5.84,-20.556,270
"43",2021-10-26,0,2.1,-1.4,NA,3.9,2,1.7,6.1,NA,NA,1.2,4.3,"HYG",2021-10-26,5.57089842210548,5.57089842210548,"DC1","PostDrainage",NA,NA,NA,NA,NA,NA,NA,NA,NA,NA,NA,NA,NA,NA,NA,NA,NA,NA,NA,NA,NA,NA,NA,NA,NA,NA,NA,NA,NA,NA,NA,NA,NA,1.17607078452032,1.21715212118725,5.068125,29.52375,28.675,262.22875,1.054375,244.20125,18.63125,705.656625,22.3735685402198,1137.02993620768,1279.403125,1049.55142618655,30.6954421248372,2431.22133262734,247.920353201799,1251.81112771724,748.615468775418,0.00765718305486605,-12.950936140486,-92.8824295856673,10.7250595382204,54,"DC1","SUERC-106754","DC1-DOC-211026",299,2021,"DC1","Post-cleaned","DOC",106.9207,0.4924,NA,NA,20.22,-28.639,2021-10-26,"SUERC-102398","DC1-X215-211026","CO2",105.4904,0.4836,NA,NA,4.24,-21.566,299
"44",2022-05-03,1.7,8,-6.9,FALSE,-0.5,0,NA,3.3,NA,NA,2.8,11.2,"HED",2022-05-03,5.21446593098341,5.21446593098341,"DC1","PostDrainage","DC1",5.27,31.12,16.2,895.59,1.73,517.07,19.2,831.58,21,1600,1178.51,1300,40,4500,530,2400,480,0.0054,NA,NA,1.32723807092691,1525.97171635515,NA,1.32709055374875,NA,5.27,1.77974004346487,1.32722513396871,1.26155533923055,NA,2022-05-03,79,1.26155533923055,1.32722513396871,5.27,31.12,16.2,895.59,1.73,517.07,19.2,831.58,21,1600,1178.51,1300,40,4500,530,2400,480,0.0054,-14.3254269405096,-103.960246472125,10.6431690519523,55,"DC1","SUERC-105221","DC1-DOC-220503",123,2022,"DC1","Post-cleaned","DOC",106.685,0.5058,NA,NA,11.72,-28.347,2022-05-03,"SUERC-105211","DC1-X411-220503","CO2",105.4631,0.5021,NA,NA,3.42,-20.619,123
"45",2022-08-23,11.4,20.9,0.9,TRUE,13.4,0,16.9,10,NA,NA,0.7,5,"HED",2022-08-23,0.458560994638269,0.458560994638269,"DC1","PostDrainage",NA,NA,NA,NA,NA,NA,NA,NA,NA,NA,NA,NA,NA,NA,NA,NA,NA,NA,NA,NA,NA,NA,NA,NA,NA,NA,NA,NA,NA,NA,NA,NA,NA,1.20430703188073,1.41362677017644,5.66214285714286,23.6575,23.6535714285714,9.895,0.481428571428571,18.7057142857143,5.00142857142857,563.165285714286,16.5,2400,834.598928571429,1928.57142857143,23.1785714285714,5264.28571428571,658.928571428571,1228.57142857143,1023.57142857143,0.00431071428571429,-12.700645724648,-92.2534488936698,9.35171690351394,56,"DC1","SUERC-108840","DC1-DOC-230822",235,2022,"DC1","Post-cleaned","DOC",107.4021,0.468,NA,NA,20.3,-28.429,2022-08-23,"SUERC-108830","DC1-X406-230822","CO2",104.4743,0.4819,NA,NA,6.56,-21.345,235
"46",2022-10-24,-3.5,0.4,-9.4,TRUE,1.4,0.4,NA,4.2,NA,NA,0.3,2.5,"HED",2022-10-24,NA,NA,"DC1","PostDrainage","DC1",5.74,26.65,16.8,198.02,0.57,45.37,2.37,905.421999999999,17,2100,1085.63999999999,1700,12,6300,640,1300,670,0.0039,-12.5877552470866,-90.9411801525866,NA,NA,NA,NA,9.7608618241062,NA,NA,NA,NA,NA,NA,93,1.61847351558927,1.80183412174866,5.74,26.65,16.8,198.02,0.57,45.37,2.37,905.421999999999,17,2100,1085.63999999999,1700,12,6300,640,1300,670,0.0039,-12.5877552470866,-90.9411801525866,9.7608618241062,57,"DC1","SUERC-109782","DC1-DOC-241022",297,2022,"DC1","Post-cleaned","DOC",105.5646,0.4599,NA,NA,14.28,-28.451,2022-10-24,"SUERC-108536","DC1-X404-241022","CO2",102.6694,0.4801,NA,NA,2.5,-19.805,297
"47",2020-03-11,0.1,1.3,-1.3,NA,0.8,2.1,2.1,6.7,NA,NA,2,5.1,"HYG",2020-03-11,0.215190583319413,0.215190583319413,"C1","Reference","C1",5.83,30,13.09,41.3,NA,14.38,1.72,1724.06,19.7389,1977.8863,928.704,1998.8473,20.1612,4398.8984,19.7389,513.7536,911.1933,NA,-12.980597,-94.838626,1.03699976484407,NA,NA,0.876269943720431,9.00614999999999,5.83,0.772951501676801,1.03699976484407,0.876269943720431,NA,2020-03-11,702,0.876269943720431,1.03699976484407,5.83,30,13.09,41.3,NA,14.38,1.72,1724.06,19.7389,1977.8863,928.704,1998.8473,20.1612,4398.8984,19.7389,513.7536,911.1933,NA,-12.980597,-94.838626,9.00614999999999,11,"C1","SUERC-95052","C1-DOC-200311",71,2020,"C1","Pristine","DOC",101.0497,0.4628,NA,NA,8.84,-28.68,2020-03-11,"SUERC-93724","C1-X325-200311","CO2",96.5649,0.4429,281,37,3.52,-18.424,71
"48",2020-04-27,0.7,3.6,-2.8,NA,0.5,0,11.3,4.6,26,NA,2.3,6.5,"HYG",2020-04-27,2.01483912267405,2.01483912267405,"C1","Reference","C1",4.91,30,22.9033,96.99,NA,8.58,2.72,1205.71,23.1963,1653.2634,678.795,1745.7861,50.4886,3455.1412,23.1963,492.2611,1095.5673,NA,-13.3948,-98.930409,0.772732765560862,NA,NA,0.755973884430342,8.227991,4.91,0.840438922952641,0.772732765560862,0.755973884430342,NA,2020-04-27,708,0.755973884430342,0.772732765560862,4.91,30,22.9033,96.99,NA,8.58,2.72,1205.71,23.1963,1653.2634,678.795,1745.7861,50.4886,3455.1412,23.1963,492.2611,1095.5673,NA,-13.3948,-98.930409,8.227991,12,"C1","SUERC-97969","C1-DOC-200427",118,2020,"C1","Pristine","DOC",104.8602,0.4808,NA,NA,14.7,-28.755,NA,NA,NA,NA,NA,NA,NA,NA,NA,NA,NA
"49",2020-08-28,9,16.7,3.4,NA,10.6,0,12.1,9.6,27,6,1.2,3.8,"HYG",2020-08-28,0,0,"C1","Reference",NA,NA,NA,NA,NA,NA,NA,NA,NA,NA,NA,NA,NA,NA,NA,NA,NA,NA,NA,NA,NA,NA,NA,NA,NA,NA,NA,NA,NA,NA,NA,NA,NA,0.820069415932367,1.03457455585397,5.895,30,21.05335,18.0225,NA,5.185,6.1575,1448.2675,29.762975,2250.9359,983.471,2381.41675,38.6123285714286,4397.296575,29.762975,538.88865,1395.75125,NA,-12.80185875,-94.043443,8.371427,13,"C1","SUERC-97967","C1-DOC-200828",241,2020,"C1","Pristine","DOC",101.8592,0.4682,NA,NA,13.2,-28.8,2020-08-28,"SUERC-95186","C1-X233-200828","CO2",97.2498,0.4237,224,35,3.04,-18.232,241
"50",2020-10-21,-0.2,0.7,-1.8,NA,4.7,9.8,0.9,6.5,NA,-0.9,3.9,9.2,"HYG",2020-10-21,0.705102278582596,0.705102278582596,"C1","Reference",NA,NA,NA,NA,NA,NA,NA,NA,NA,NA,NA,NA,NA,NA,NA,NA,NA,NA,NA,NA,NA,NA,NA,NA,NA,NA,NA,NA,NA,NA,NA,NA,NA,0.673323013264141,0.702705614707793,5.14785714285714,32.1428571428571,24.7214285714286,45.02,NA,12.6471428571429,3.76214285714286,1605.65214285714,34.9469785714286,1971.89695,1079.06907142857,2182.87655714286,35.9357285714286,4002.78423571429,34.9469785714286,361.683814285714,1505.22381428571,NA,-13.0448795714286,-94.3720166428571,9.98701992857143,14,"C1","SUERC-100396","C1-DOC-201021",295,2020,"C1","Pristine","DOC",103.7383,0.4877,NA,NA,11.45,-28.152,NA,NA,NA,NA,NA,NA,NA,NA,NA,NA,NA
"51",2021-04-29,0.8,5.5,-5.3,NA,0.8,0,17.3,3.8,37.2,2,2.4,8.2,"HYG",2021-04-29,1.42652935508005,1.42652935508005,"C1","Reference",NA,NA,NA,NA,NA,NA,NA,NA,NA,NA,NA,NA,NA,NA,NA,NA,NA,NA,NA,NA,NA,NA,NA,NA,NA,NA,NA,NA,NA,NA,NA,NA,NA,0.646601555288753,0.671645088412796,5.112,23.944,20.64,40.898,NA,9.352,1.734,1109.166,16.76904,1156.3636,638.309,1239.41832,7.43376,3547.83512,16.76904,331.85004,1016.22662,NA,-13.7201598,-99.1429372,10.6183412,15,"C1","SUERC-102770","C1-DOC-210429",119,2021,"C1","Pristine","DOC",104.694,0.479,NA,NA,14.8,-28.32,2021-04-29,"SUERC-100387","C1-X401-210429","CO2",98.6325,0.4661,111,38,2.95,-16.097,119
"52",2021-08-19,12,16.2,8.8,NA,13,3.4,9.5,13.2,23.2,3.5,1.3,5.6,"HYG",2021-08-19,1.50187150171214,1.50187150171214,"C1","Reference",NA,NA,NA,NA,NA,NA,NA,NA,NA,NA,NA,NA,NA,NA,NA,NA,NA,NA,NA,NA,NA,NA,NA,NA,NA,NA,NA,NA,NA,NA,NA,NA,NA,0.653242740408636,0.766316643402727,5.48068965517241,29.5341379310345,25.6862068965517,21.5265517241379,NA,15.7331034482759,5.65827586206897,1224.28344827586,33.6397620689655,1574.21127931034,889.156,1900.76952068966,14.5567379310345,3768.78881034483,33.6397620689655,399.309720689655,1490.17117586207,NA,-13.0613288965517,-93.5705764827586,10.9200546896552,16,"C1","SUERC-102368","C1-DOC-210819",231,2021,"C1","Pristine","DOC",104.6589,0.4789,NA,NA,36.04,-28.779,2021-08-19,"SUERC-102362","C1-X411-210819","CO2",99.498,0.4577,40,37,2.52,-17.045,231
"53",2021-09-25,5.4,8.8,2,NA,7.8,0,3.6,8.7,9.2,-0.4,2.5,10.7,"HYG",2021-09-25,3.4877404926157,3.4877404926157,"C1","Reference",NA,NA,NA,NA,NA,NA,NA,NA,NA,NA,NA,NA,NA,NA,NA,NA,NA,NA,NA,NA,NA,NA,NA,NA,NA,NA,NA,NA,NA,NA,NA,NA,NA,0.57915094484553,0.604628457370305,5.00714285714286,30.2857142857143,31.0714285714286,26.7428571428571,NA,13.7171428571429,4.71,1131.45,35.3563428571429,1600.11062857143,998.989714285714,1956.43064285714,16.9556142857143,4353.34598571429,35.3563428571429,273.250071428571,1905.61517142857,NA,-12.7355025714286,-91.0760398571429,10.8079807142857,17,"C1","SUERC-103872","C1-DOC-210925",268,2021,"C1","Pristine","DOC",106.1043,0.5358,NA,NA,33.21,-28.42,NA,NA,NA,NA,NA,NA,NA,NA,NA,NA,NA
"54",2021-10-24,-3.3,1.8,-10.5,NA,4.1,3.6,0.6,4.9,NA,NA,1.7,5.1,"HYG",2021-10-24,1.78938178475071,1.78938178475071,"C1","Reference",NA,NA,NA,NA,NA,NA,NA,NA,NA,NA,NA,NA,NA,NA,NA,NA,NA,NA,NA,NA,NA,NA,NA,NA,NA,NA,NA,NA,NA,NA,NA,NA,NA,0.618780111036666,0.629610319999544,4.71285714285714,23.32,28.8571428571429,26.9228571428571,NA,11.78,4.49571428571429,970.721714285714,26.5008571428571,1330.19751428571,907.315714285714,1504.14617142857,12.6278142857143,3582.94052857143,26.5008571428571,255.491471428571,1588.02225714286,NA,-12.9875711428571,-92.1525547142857,11.7480144285714,18,"C1","SUERC-106751","C1-DOC-211024",297,2021,"C1","Pristine","DOC",104.4904,0.4814,NA,NA,22.15,-27.985,2021-10-24,"SUERC-102396","C1-X141-211024","CO2",109.7132,0.5055,NA,NA,2.3,-16.55,297
"55",2022-05-03,1.7,8,-6.9,FALSE,-0.5,0,NA,3.3,NA,NA,2.8,11.2,"HED",2022-05-03,2.33961546346107,2.33961546346107,"C1","Reference",NA,NA,NA,NA,NA,NA,NA,NA,NA,NA,NA,NA,NA,NA,NA,NA,NA,NA,NA,NA,NA,NA,NA,NA,NA,NA,NA,NA,NA,NA,NA,NA,NA,0.61373191420141,0.636312049988164,5.11666666666667,22.2566666666667,20.9333333333333,63.21,NA,13.01,2.98333333333333,935.212,30.3333333333333,1700,564.699,1766.66666666667,19.6666666666667,5700,30.3333333333333,433.333333333333,1633.33333333333,NA,-13.748565,-99.4680136666667,10.5205063333333,19,"C1","SUERC-105215","C1-DOC-220503",123,2022,"C1","Pristine","DOC",106.0802,0.5042,NA,NA,17.38,-28.428,2022-05-03,"SUERC-105209","C1-X313-220503","CO2",101.2383,0.4817,NA,NA,1.55,-17.322,123
"56",2022-08-23,11.4,20.9,0.9,TRUE,13.4,0,16.9,10,NA,NA,0.7,5,"HED",2022-08-23,0.205866543122206,0.205866543122206,"C1","Reference",NA,NA,NA,NA,NA,NA,NA,NA,NA,NA,NA,NA,NA,NA,NA,NA,NA,NA,NA,NA,NA,NA,NA,NA,NA,NA,NA,NA,NA,NA,NA,NA,NA,0.658968602618015,0.818790505624798,5.83,27.3428571428571,20.5785714285714,29.3842857142857,NA,20.3417857142857,2.74071428571429,1139.42892857143,35.6785714285714,2200,890.197571428571,2200,13.2857142857143,7635.71428571429,35.6785714285714,490.357142857143,1503.57142857143,NA,-13.0041081428571,-93.724334,10.3085311428571,20,"C1","SUERC-108834","C1-DOC-230822",235,2022,"C1","Pristine","DOC",104.2628,0.4545,NA,NA,24.1,-28.119,2022-08-23,"SUERC-108828","C1-X326-230822","CO2",99.2849,0.4558,58,37,3.82,-18.473,235
"57",2022-10-24,-3.5,0.4,-9.4,TRUE,1.4,0.4,NA,4.2,NA,NA,0.3,2.5,"HED",2022-10-24,0.261206499196131,0.261206499196131,"C1","Reference",NA,NA,NA,NA,NA,NA,NA,NA,NA,NA,NA,NA,NA,NA,NA,NA,NA,NA,NA,NA,NA,NA,NA,NA,NA,NA,NA,NA,NA,NA,NA,NA,NA,0.565896974815199,0.598511334147283,5.585,26.8071428571429,22.0214285714286,24.0557142857143,NA,23.2935714285714,3.25,1050.81735714286,35.5714285714286,2114.28571428571,949.540428571429,2007.14285714286,14.2142857142857,7171.42857142857,35.5714285714286,368.571428571429,1842.85714285714,NA,-12.8986586428571,-92.1554407857143,11.0338283571429,21,"C1","SUERC-109779","C1-DOC-241022",297,2022,"C1","Pristine","DOC",103.5747,0.4744,NA,NA,17.49,-27.276,2022-10-24,"SUERC-108534","C1-X215-241022","CO2",96.9084,0.4537,252,38,1.33,-15.984,297
"58",2020-03-11,0.1,1.3,-1.3,NA,0.8,2.1,2.1,6.7,NA,NA,2,5.1,"HYG",2020-03-11,0.215190583319413,0.215190583319413,"C2","Reference","C2",5.3,30,10.8833,4.76,NA,3.44,2.19,1630.79,6.9748,1728.7148,1181.26,1454.7959,12.9003,NA,6.9748,382.0535,530.6164,NA,-13.01881,-95.216078,2.41261491116263,NA,NA,2.28817165766774,8.93440200000001,5.3,0.897145163242471,2.41261491116263,2.28817165766774,NA,2020-03-11,833,2.28817165766774,2.41261491116263,5.3,30,10.8833,4.76,NA,3.44,2.19,1630.79,6.9748,1728.7148,1181.26,1454.7959,12.9003,2806.6368,6.9748,382.0535,530.6164,NA,-13.01881,-95.216078,8.93440200000001,22,"C2","SUERC-95051","C2-DOC-200311",71,2020,"C2","Pristine","DOC",100,0.4574,NA,NA,7.63,-28.694,2020-03-11,"SUERC-93720","C2-X241-200311","CO2",103.1794,0.4749,NA,NA,5.24,-22.867,71
"59",2020-04-27,0.7,3.6,-2.8,NA,0.5,0,11.3,4.6,26,NA,2.3,6.5,"HYG",2020-04-27,2.01483912267405,2.01483912267405,"C2","Reference","C2",4.72,30,23.1467,7.32,NA,5.68,1.72,1147.37,8.9453,1459.2901,737.203,1592.2106,NA,2881.7468,8.9453,296.3924,864.3867,NA,-13.47376,-99.713538,1.53227360785145,NA,NA,1.51041179496345,8.076542,4.72,1.15859038122561,1.53227360785145,1.51041179496345,NA,2020-04-27,839,1.51041179496345,1.53227360785145,4.72,30,23.1467,7.32,NA,5.68,1.72,1147.37,8.9453,1459.2901,737.203,1592.2106,28.5735142857143,2881.7468,8.9453,296.3924,864.3867,NA,-13.47376,-99.713538,8.076542,23,"C2","SUERC-97970","C2-DOC-200427",118,2020,"C2","Pristine","DOC",105.7137,0.4857,NA,NA,18.3,-28.968,NA,NA,NA,NA,NA,NA,NA,NA,NA,NA,NA
"60",2020-08-28,9,16.7,3.4,NA,10.6,0,12.1,9.6,27,6,1.2,3.8,"HYG",2020-08-28,0,0,"C2","Reference",NA,NA,NA,NA,NA,NA,NA,NA,NA,NA,NA,NA,NA,NA,NA,NA,NA,NA,NA,NA,NA,NA,NA,NA,NA,NA,NA,NA,NA,NA,NA,NA,NA,9.65310658771276,10.187876312547,5.24153846153846,33.4615384615385,16.2889961538462,8.16538461538462,NA,13.2738461538462,13.0992307692308,1711.61730769231,32.7229153846154,2537.92782307692,943.869384615385,2020.39973076923,48.8678384615385,3064.8305744898,32.7229153846154,464.756246153846,654.546546153846,NA,-13.1591198846154,-96.7996788076923,8.47328026923078,24,"C2","SUERC-97968","C2-DOC-200828",241,2020,"C2","Pristine","DOC",104.4345,0.4796,NA,NA,43,-28.7,2020-08-28,"SUERC-95187","C2-X238-200828","CO2",104.1057,0.4536,NA,NA,7.28,-24.891,241
"61",2020-10-21,-0.2,0.7,-1.8,NA,4.7,9.8,0.9,6.5,NA,-0.9,3.9,9.2,"HYG",2020-10-21,0.705102278582596,0.705102278582596,"C2","Reference",NA,NA,NA,NA,NA,NA,NA,NA,NA,NA,NA,NA,NA,NA,NA,NA,NA,NA,NA,NA,NA,NA,NA,NA,NA,NA,NA,NA,NA,NA,NA,NA,NA,2.23127094833656,2.262405085259,4.65785714285714,33.4285714285714,24.4642857142857,6.67571428571429,NA,5.52642857142857,5.55214285714286,1449.21221428571,11.7228642857143,1706.66142142857,1123.28707142857,1688.76698571429,39.7423857142857,2321.86160102041,11.7228642857143,192.10485,1018.32177142857,NA,-13.0519192857143,-94.6761342857143,9.73922,25,"C2","SUERC-100397","C2-DOC-201021",295,2020,"C2","Pristine","DOC",108.0196,0.4843,NA,NA,23.91,-29.325,2020-10-21,"SUERC-100382","C2-X272-201021","CO2",103.3997,0.4902,NA,NA,4.28,-22.738,295
"62",2021-04-29,0.8,5.5,-5.3,NA,0.8,0,17.3,3.8,37.2,2,2.4,8.2,"HYG",2021-04-29,1.42652935508005,1.42652935508005,"C2","Reference",NA,NA,NA,NA,NA,NA,NA,NA,NA,NA,NA,NA,NA,NA,NA,NA,NA,NA,NA,NA,NA,NA,NA,NA,NA,NA,NA,NA,NA,NA,NA,NA,NA,1.23013119085023,1.24919420336293,4.734,23.468,18.06,6.388,NA,4.442,2.75,1107.442,5.21706,1070.31632,718.2464,931.64862,7.19698,2856.94754,5.21706,210.99934,637.43424,NA,-13.6681828,-99.0377824,10.30768,26,"C2","SUERC-102771","C2-DOC-210429",119,2021,"C2","Pristine","DOC",106.7024,0.4877,NA,NA,14.5,-28.53,2021-04-29,"SUERC-100391","C2-X406-210429","CO2",102.2917,0.4838,NA,NA,2.73,-19.221,119
"63",2021-08-19,12,16.2,8.8,NA,13,3.4,9.5,13.2,23.2,3.5,1.3,5.6,"HYG",2021-08-19,1.50187150171214,1.50187150171214,"C2","Reference",NA,NA,NA,NA,NA,NA,NA,NA,NA,NA,NA,NA,NA,NA,NA,NA,NA,NA,NA,NA,NA,NA,NA,NA,NA,NA,NA,NA,NA,NA,NA,NA,NA,2.53869649670111,2.60679704032629,4.80586206896552,28.8841379310345,30.6413793103448,9.95310344827586,NA,8.76965517241379,5.22206896551724,932.744206896552,12.9289517241379,1479.51350344828,942.145482758621,1433.68841724138,21.5702206896552,2896.89575,12.9289517241379,180.238193103448,1633.2876137931,NA,-12.9001461034483,-92.3633903793103,10.8377784482759,27,"C2","SUERC-102372","C2-DOC-210819",231,2021,"C2","Pristine","DOC",106.1364,0.4624,NA,NA,39.36,-29.098,2021-08-19,"SUERC-102363","C2-X412-210819","CO2",104.8813,0.4811,NA,NA,3.26,-22.182,231
"64",2021-09-25,5.4,8.8,2,NA,7.8,0,3.6,8.7,9.2,-0.4,2.5,10.7,"HYG",2021-09-25,3.4877404926157,3.4877404926157,"C2","Reference",NA,NA,NA,NA,NA,NA,NA,NA,NA,NA,NA,NA,NA,NA,NA,NA,NA,NA,NA,NA,NA,NA,NA,NA,NA,NA,NA,NA,NA,NA,NA,NA,NA,1.8456449879246,1.86761522260455,4.54,31.8442857142857,34.7428571428571,9.48285714285714,NA,9.52571428571428,5.66,924.56,8.99524285714286,1326.36338571429,1030.45571428571,1347.59354285714,17.1722285714286,3031.57159298246,8.99524285714286,180.208828571429,1605.74562857143,NA,-12.7356594285714,-91.0084407142857,10.8768347142857,28,"C2","SUERC-103873","C2-DOC-210925",268,2021,"C2","Pristine","DOC",107.0742,0.5177,NA,NA,38.04,-28.648,NA,NA,NA,NA,NA,NA,NA,NA,NA,NA,NA
"65",2021-10-24,-3.3,1.8,-10.5,NA,4.1,3.6,0.6,4.9,NA,NA,1.7,5.1,"HYG",2021-10-24,1.78938178475071,1.78938178475071,"C2","Reference",NA,NA,NA,NA,NA,NA,NA,NA,NA,NA,NA,NA,NA,NA,NA,NA,NA,NA,NA,NA,NA,NA,NA,NA,NA,NA,NA,NA,NA,NA,NA,NA,NA,1.41471690981005,1.42141971867745,4.37,28.2696551724138,27.3,5.81,NA,8.10857142857143,4.78571428571429,941.427142857143,7.43567142857143,1095.2786,898.158857142857,945.584157142857,11.2809285714286,2769.57175438597,7.43567142857143,176.875157142857,1141.7698,NA,-13.0333204285714,-92.4048332857143,11.8617301428571,29,"C2","SUERC-106752","C2-DOC-211024",297,2021,"C2","Pristine","DOC",105.9919,0.469,NA,NA,17.95,-28.568,2021-10-24,"SUERC-102397","C2-X98-211024","CO2",156.6499,0.7012,NA,NA,4.28,-22.381,297
"66",2022-05-03,1.7,8,-6.9,FALSE,-0.5,0,NA,3.3,NA,NA,2.8,11.2,"HED",2022-05-03,2.33961546346107,2.33961546346107,"C2","Reference",NA,NA,NA,NA,NA,NA,NA,NA,NA,NA,NA,NA,NA,NA,NA,NA,NA,NA,NA,NA,NA,NA,NA,NA,NA,NA,NA,NA,NA,NA,NA,NA,NA,1.16233192644782,1.18162237665569,4.77333333333333,21.8433333333333,17.4,4.31,NA,6.67333333333333,3.06,834.909333333333,8.03333333333333,1533.33333333333,506.866666666667,1066.66666666667,10.4666666666667,4400,8.03333333333333,270,763.333333333333,NA,-13.784256,-99.76757,10.506478,30,"C2","SUERC-105219","C2-DOC-220503",123,2022,"C2","Pristine","DOC",106.0802,0.4656,NA,NA,14.29,-28.599,2022-05-03,"SUERC-105210","C2-X410-220503","CO2",102.6805,0.4664,NA,NA,2.51,-19.686,123
"67",2022-08-23,11.4,20.9,0.9,TRUE,13.4,0,16.9,10,NA,NA,0.7,5,"HED",2022-08-23,0.205866543122206,0.205866543122206,"C2","Reference",NA,NA,NA,NA,NA,NA,NA,NA,NA,NA,NA,NA,NA,NA,NA,NA,NA,NA,NA,NA,NA,NA,NA,NA,NA,NA,NA,NA,NA,NA,NA,NA,NA,4.32517307538838,4.73213961362013,5.32678571428571,31.7467857142857,32.2107142857143,4.40321428571429,NA,6.66714285714286,7.57392857142857,977.303928571429,41.1428571428571,2775,972.925178571429,2953.57142857143,46.5,8967.85714285714,41.1428571428571,687.5,3210.71428571429,NA,-13.0869624285714,-94.0279664642857,10.6677329642857,31,"C2","SUERC-108838","C2-DOC-230822",235,2022,"C2","Pristine","DOC",106.7341,0.4887,NA,NA,29.1,-28.566,2022-08-23,"SUERC-108829","C2-X313-230822","CO2",103.3593,0.4741,NA,NA,5.02,-23.456,235
"68",2022-10-24,-3.5,0.4,-9.4,TRUE,1.4,0.4,NA,4.2,NA,NA,0.3,2.5,"HED",2022-10-24,0.261206499196131,0.261206499196131,"C2","Reference",NA,NA,NA,NA,NA,NA,NA,NA,NA,NA,NA,NA,NA,NA,NA,NA,NA,NA,NA,NA,NA,NA,NA,NA,NA,NA,NA,NA,NA,NA,NA,NA,NA,1.79963751440909,1.83753479782061,5.03357142857143,25.0821428571429,20.25,4.11714285714286,NA,6.00142857142857,3.70428571428571,678.348285714286,11.2142857142857,2014.28571428571,668.369928571429,1714.28571428571,16.2142857142857,7164.28571428571,11.2142857142857,205,1628.57142857143,NA,-12.9436812857143,-92.4082924285714,11.1411578571429,32,"C2","SUERC-109780","C2-DOC-241022",297,2022,"C2","Pristine","DOC",105.0912,0.4817,NA,NA,18.9,-28.284,2022-10-24,"SUERC-108535","C2-X312-241022","CO2",101.8574,0.4533,NA,NA,2.78,-22.506,297
